n.evals.q.1.0.	train.8.8.8.mlp.best.quality.consistency	train.8.8.8.mlp.best.quality.consistency.min	train.8.8.8.mlp.best.quality.consistency.max	train.8.8.8.hebbian.synapse.random.best.quality.consistency	train.8.8.8.hebbian.synapse.random.best.quality.consistency.min	train.8.8.8.hebbian.synapse.random.best.quality.consistency.max	train.8.8.8.hebbian.network.random.best.quality.consistency	train.8.8.8.hebbian.network.random.best.quality.consistency.min	train.8.8.8.hebbian.network.random.best.quality.consistency.max	train.8.8.8.freeForm.random.best.quality.consistency	train.8.8.8.freeForm.random.best.quality.consistency.min	train.8.8.8.freeForm.random.best.quality.consistency.max
1.000e+02	5.018e+01	2.328e+01	1.102e+02	1.191e+02	1.183e+01	1.337e+02	9.402e+00	3.247e+00	1.725e+01	2.741e+00	1.283e+00	4.569e+00
3.000e+02	3.272e+01	2.492e-01	5.279e+01	1.310e+02	2.625e+01	1.326e+02	3.644e+01	1.049e+01	4.157e+01	3.385e+00	2.518e+00	5.114e+00
5.000e+02	6.689e+01	7.980e+00	9.271e+01	1.303e+02	9.817e+01	1.385e+02	1.384e+01	8.418e+00	3.378e+01	1.077e+01	3.161e+00	2.215e+01
7.000e+02	3.607e+01	6.037e+00	6.101e+01	1.192e+02	6.876e+01	1.335e+02	2.274e+01	1.221e+01	3.793e+01	1.019e+01	7.250e+00	2.266e+01
9.000e+02	6.043e+01	-1.006e+00	1.163e+02	1.116e+02	6.836e+01	1.172e+02	1.732e+01	9.341e+00	6.795e+01	1.078e+01	6.331e+00	1.302e+01
1.100e+03	6.550e+01	1.426e+01	1.131e+02	1.274e+02	1.193e+02	1.347e+02	3.177e+01	2.464e+01	4.387e+01	1.667e+01	6.601e+00	4.920e+01
1.300e+03	2.724e+01	1.253e+00	1.021e+02	1.183e+02	1.050e+02	1.288e+02	4.666e+01	3.255e+01	1.034e+02	1.506e+01	1.606e+00	2.722e+01
1.500e+03	9.291e+01	3.006e+00	9.988e+01	1.213e+02	4.452e+01	1.374e+02	3.383e+01	2.276e+01	4.025e+01	1.049e+01	3.996e+00	2.582e+01
1.700e+03	9.224e+01	1.423e+01	1.098e+02	1.262e+02	7.096e+01	1.351e+02	4.633e+01	2.510e+01	6.221e+01	2.949e+01	7.500e+00	3.626e+01
1.900e+03	1.059e+02	2.454e+01	1.158e+02	1.234e+02	7.825e+01	1.313e+02	3.687e+01	1.470e+01	6.140e+01	1.770e+01	4.749e+00	3.723e+01
2.100e+03	7.106e+01	1.895e+00	8.579e+01	1.241e+02	1.475e+01	1.267e+02	5.012e+01	2.015e+01	6.750e+01	2.688e+01	1.088e+01	1.355e+02
2.300e+03	7.804e+01	1.510e+00	9.405e+01	1.083e+02	4.064e+01	1.211e+02	7.683e+01	4.432e+01	1.208e+02	1.086e+01	1.693e+00	3.355e+01
2.500e+03	6.961e+01	-1.241e+01	9.933e+01	1.200e+02	7.126e+01	1.318e+02	6.545e+01	4.368e+01	7.185e+01	2.733e+01	1.216e+01	6.835e+01
2.700e+03	5.234e+01	4.752e+00	9.502e+01	1.325e+02	9.073e+01	1.356e+02	8.656e+01	6.065e+01	1.001e+02	2.433e+01	2.752e+00	4.687e+01
2.900e+03	5.312e+01	3.849e+01	1.002e+02	1.289e+02	1.128e+02	1.328e+02	8.857e+01	3.736e+01	1.154e+02	7.313e+01	1.469e+01	1.375e+02
3.100e+03	5.846e+01	1.450e+01	9.221e+01	1.200e+02	1.525e+01	1.240e+02	9.177e+01	7.483e+01	1.164e+02	5.733e+01	1.283e+00	1.345e+02
3.300e+03	7.171e+01	2.841e+01	1.137e+02	1.128e+02	1.032e+02	1.245e+02	7.207e+01	6.006e+01	7.759e+01	5.639e+01	1.007e+01	1.299e+02
3.500e+03	1.152e+01	3.608e+00	7.953e+01	1.184e+02	1.090e+02	1.335e+02	8.688e+01	5.842e+01	9.453e+01	3.410e+01	9.985e+00	8.480e+01
3.700e+03	-9.587e-01	-4.590e+01	1.648e+01	1.131e+02	4.825e+01	1.234e+02	6.909e+01	4.530e+01	8.772e+01	5.788e+01	5.018e-01	1.160e+02
3.900e+03	7.248e+01	4.655e+00	8.985e+01	1.095e+02	1.051e+01	1.197e+02	9.266e+01	6.420e+01	1.096e+02	5.527e+01	1.109e+01	1.373e+02
4.100e+03	4.590e+01	6.458e-01	1.341e+02	1.352e+02	1.148e+02	1.363e+02	8.705e+01	7.703e+01	1.150e+02	4.556e+01	3.746e+00	1.188e+02
4.300e+03	6.215e+01	4.106e+01	8.887e+01	1.249e+02	1.098e+02	1.301e+02	1.050e+02	6.634e+01	1.186e+02	3.613e+01	3.002e+00	1.378e+02
4.500e+03	9.795e+01	2.782e+00	1.259e+02	1.228e+02	9.181e+01	1.268e+02	9.918e+01	7.251e+01	1.161e+02	5.351e+01	1.251e+00	1.378e+02
4.700e+03	1.197e+02	8.991e+01	1.263e+02	1.329e+02	1.088e+02	1.351e+02	9.958e+01	7.340e+01	1.149e+02	3.917e+01	2.750e+00	9.036e+01
4.900e+03	6.523e+01	2.475e+01	8.168e+01	9.549e+01	5.204e+00	1.283e+02	9.007e+01	5.529e+01	9.811e+01	1.048e+02	7.525e-01	1.346e+02
5.100e+03	9.401e+01	1.378e+01	1.019e+02	1.312e+02	4.806e+01	1.378e+02	1.139e+02	8.833e+01	1.245e+02	6.892e+01	8.241e+00	1.361e+02
5.300e+03	1.455e+01	-1.436e+01	9.795e+01	1.266e+02	1.033e+02	1.340e+02	1.224e+02	7.249e+01	1.346e+02	2.963e+01	3.998e+00	1.084e+02
5.500e+03	1.215e+02	6.176e+01	1.363e+02	1.256e+02	1.006e+02	1.338e+02	8.587e+01	3.134e+01	1.195e+02	4.416e+01	1.132e+01	1.378e+02
5.700e+03	2.857e+01	7.495e+00	9.297e+01	1.325e+02	9.567e+00	1.394e+02	1.028e+02	7.329e+01	1.210e+02	2.859e+01	1.748e+00	8.893e+01
5.900e+03	9.954e+01	5.663e+01	1.113e+02	1.120e+02	1.700e+01	1.335e+02	9.846e+01	6.800e+01	1.285e+02	3.009e+01	4.502e+00	7.984e+01
6.100e+03	9.169e+01	2.097e+01	1.213e+02	1.298e+02	1.219e+02	1.328e+02	1.084e+02	7.643e+01	1.222e+02	5.794e+01	6.747e+00	1.371e+02
6.300e+03	8.828e+01	1.728e+01	1.012e+02	1.314e+02	3.901e+01	1.360e+02	9.890e+01	7.245e+01	1.154e+02	6.834e+01	7.254e+00	1.378e+02
6.500e+03	1.023e+02	5.815e+01	1.258e+02	8.975e+01	1.722e+01	1.330e+02	8.682e+01	6.599e+01	1.000e+02	3.884e+01	4.249e+00	1.348e+02
6.700e+03	5.245e+01	5.353e+00	1.033e+02	1.275e+02	1.160e+02	1.300e+02	1.061e+02	7.856e+01	1.178e+02	4.329e+01	7.813e+00	1.040e+02
6.900e+03	6.999e+01	2.168e+01	1.046e+02	1.173e+02	1.078e+02	1.353e+02	1.152e+02	9.107e+01	1.210e+02	5.743e+01	1.923e+01	1.378e+02
7.100e+03	7.074e+01	1.722e+01	9.396e+01	1.322e+02	1.253e+02	1.330e+02	9.333e+01	5.121e+01	1.172e+02	4.742e+01	7.286e+00	1.080e+02
7.300e+03	4.866e+01	-1.006e+00	1.136e+02	1.269e+02	5.903e+01	1.366e+02	8.216e+01	5.525e+01	1.016e+02	1.030e+02	2.480e-01	1.367e+02
7.500e+03	9.026e+01	-5.249e+00	1.474e+02	1.303e+02	1.132e+02	1.342e+02	7.440e+01	6.662e+01	9.794e+01	5.402e+01	3.710e+00	1.369e+02
7.700e+03	4.764e+01	4.128e+00	7.425e+01	1.380e+02	1.109e+02	2.248e+02	1.088e+02	8.286e+01	1.303e+02	1.667e+01	2.245e+00	1.365e+02
7.900e+03	7.629e+01	9.714e+00	9.352e+01	1.186e+02	1.464e+01	1.351e+02	8.097e+01	6.646e+01	1.041e+02	4.648e+01	2.754e+00	1.346e+02
8.100e+03	8.077e+01	3.324e+00	1.155e+02	1.259e+02	4.026e+00	1.332e+02	1.041e+02	8.769e+01	1.299e+02	3.424e+01	6.746e+00	1.378e+02
8.300e+03	1.043e+02	8.950e+01	1.265e+02	1.218e+02	1.025e+02	1.322e+02	1.073e+02	6.637e+01	1.215e+02	5.312e+01	7.488e+00	1.361e+02
8.500e+03	9.516e+01	2.151e+01	1.148e+02	1.190e+02	1.076e+02	1.263e+02	1.139e+02	8.986e+01	1.170e+02	1.155e+02	1.137e+01	1.352e+02
8.700e+03	8.875e+01	6.983e+01	1.275e+02	1.248e+02	4.666e+01	1.396e+02	1.033e+02	6.758e+01	1.145e+02	4.880e+01	9.805e+00	1.378e+02
8.900e+03	6.873e+01	9.736e+00	1.043e+02	1.157e+02	1.509e+00	1.560e+02	1.126e+02	9.106e+01	1.330e+02	5.795e+01	7.211e+00	1.361e+02
9.100e+03	1.168e+02	1.323e+01	1.477e+02	1.231e+02	3.743e-03	1.273e+02	1.104e+02	9.272e+01	1.119e+02	5.473e+01	8.253e+00	1.256e+02
9.300e+03	2.491e+01	7.494e-01	8.790e+01	1.001e+02	5.618e+01	1.289e+02	1.031e+02	9.406e+01	1.166e+02	3.148e+01	6.770e+00	6.381e+01
9.500e+03	5.951e+01	2.707e+01	1.995e+02	1.377e+02	1.290e+02	1.973e+02	8.494e+01	4.483e+01	1.138e+02	9.596e+01	1.334e+01	1.260e+02
9.700e+03	7.851e+01	-7.442e-01	1.172e+02	1.374e+02	1.276e+02	1.873e+02	9.585e+01	8.527e+01	1.198e+02	1.763e+01	6.238e+00	1.146e+02
9.900e+03	6.653e+01	1.995e+00	1.034e+02	1.330e+02	1.190e+02	1.558e+02	8.546e+01	6.190e+01	1.098e+02	6.551e+01	1.049e+01	1.346e+02
1.010e+04	1.433e+01	-2.402e+00	3.774e+01	1.485e+02	1.076e+02	1.927e+02	1.038e+02	8.652e+01	1.110e+02	2.728e+01	6.494e+00	7.012e+01
1.030e+04	2.394e+01	8.361e+00	7.913e+01	1.950e+02	1.368e+02	2.152e+02	9.053e+01	8.338e+01	9.382e+01	1.979e+01	4.748e+00	3.023e+01
1.050e+04	1.900e+01	1.077e+01	1.086e+02	1.334e+02	1.253e+02	1.738e+02	1.064e+02	8.537e+01	1.161e+02	5.379e+01	9.529e+00	1.362e+02
1.070e+04	1.065e+02	1.175e+01	1.122e+02	1.269e+02	9.574e+01	1.301e+02	1.095e+02	8.968e+01	1.151e+02	6.029e+01	1.134e+01	1.328e+02
1.090e+04	3.620e+01	7.004e+00	8.451e+01	1.303e+02	5.717e+01	1.376e+02	9.180e+01	7.165e+01	1.048e+02	1.043e+02	1.418e+01	1.373e+02
1.110e+04	8.058e+01	2.825e+01	1.095e+02	1.140e+02	1.073e+02	1.388e+02	1.107e+02	8.274e+01	1.223e+02	1.033e+02	1.249e+01	1.342e+02
1.130e+04	1.005e+02	7.484e-01	1.500e+02	1.307e+02	6.272e+01	1.380e+02	9.909e+01	6.757e+01	1.141e+02	4.853e+01	1.141e+01	1.372e+02
1.150e+04	5.748e+01	2.425e+01	8.531e+01	1.298e+02	9.952e+01	2.098e+02	1.257e+02	8.878e+01	1.347e+02	2.203e+01	1.136e+01	6.447e+01
1.170e+04	3.861e+01	7.506e+00	1.115e+02	1.249e+02	7.943e+01	1.766e+02	1.007e+02	7.820e+01	1.114e+02	5.640e+01	9.318e+00	9.578e+01
1.190e+04	9.100e+01	7.293e+00	1.457e+02	1.308e+02	1.074e+02	1.503e+02	1.083e+02	9.976e+01	1.099e+02	5.542e+01	2.310e+01	1.380e+02
1.210e+04	9.057e+01	8.769e+00	1.417e+02	1.625e+02	1.231e+02	2.072e+02	9.615e+01	6.637e+01	1.047e+02	3.103e+01	2.388e+01	6.270e+01
1.230e+04	5.974e+01	1.976e+01	7.476e+01	1.317e+02	1.188e+02	1.478e+02	9.293e+01	7.756e+01	9.838e+01	9.856e+01	1.036e+01	1.337e+02
1.250e+04	8.526e+01	1.281e+01	1.125e+02	1.297e+02	1.140e+02	1.990e+02	9.854e+01	7.256e+01	1.277e+02	5.806e+01	1.866e+01	1.344e+02
1.270e+04	3.943e+01	1.227e+01	1.038e+02	1.275e+02	8.067e+01	1.292e+02	9.602e+01	6.834e+01	1.072e+02	4.008e+01	1.132e+01	1.380e+02
1.290e+04	7.771e+01	1.081e+01	1.085e+02	1.969e+02	9.600e+01	2.100e+02	7.216e+01	5.959e+01	1.025e+02	2.916e+01	3.000e+00	1.385e+02
1.310e+04	5.449e+01	-8.725e+00	1.653e+02	1.120e+02	3.800e+01	1.491e+02	9.401e+01	8.117e+01	1.169e+02	3.601e+01	1.234e+01	1.356e+02
1.330e+04	7.161e+01	-1.287e+00	1.072e+02	1.106e+02	1.887e-01	1.300e+02	1.126e+02	8.875e+01	1.296e+02	6.722e+01	1.587e+01	1.366e+02
1.350e+04	9.799e+01	-3.809e-01	1.068e+02	1.283e+02	7.377e+01	1.754e+02	1.032e+02	6.598e+01	1.077e+02	6.186e+01	7.749e+00	1.375e+02
1.370e+04	6.902e+01	6.017e+00	1.204e+02	1.635e+02	1.267e+02	1.953e+02	1.186e+02	7.291e+01	1.301e+02	4.412e+01	1.016e+01	7.680e+01
1.390e+04	1.147e+02	9.152e+01	1.642e+02	1.288e+02	1.172e+02	1.532e+02	9.062e+01	8.403e+01	1.039e+02	3.743e+01	1.683e+01	1.377e+02
1.410e+04	6.599e+01	1.687e+01	1.034e+02	1.338e+02	1.167e+02	2.265e+02	1.060e+02	7.981e+01	1.225e+02	6.805e+01	1.385e+01	1.367e+02
1.430e+04	9.027e+01	3.802e+01	9.497e+01	1.324e+02	9.426e+01	1.650e+02	9.308e+01	8.109e+01	1.002e+02	9.723e+01	2.687e+01	1.303e+02
1.450e+04	1.060e+02	2.180e+01	1.265e+02	1.358e+02	1.175e+02	2.294e+02	9.376e+01	6.121e+01	1.091e+02	3.053e+01	5.754e+00	3.821e+01
1.470e+04	1.040e+02	3.255e+01	1.372e+02	1.235e+02	6.150e+01	1.344e+02	9.067e+01	6.910e+01	1.134e+02	3.627e+01	1.133e+01	1.370e+02
1.490e+04	8.143e+01	3.794e+01	1.129e+02	1.346e+02	1.235e+02	1.682e+02	8.308e+01	6.024e+01	1.171e+02	6.925e+01	3.971e+01	1.060e+02
1.510e+04	4.999e+01	1.926e+01	9.817e+01	1.307e+02	1.147e+02	2.680e+02	7.721e+01	7.259e+01	1.022e+02	1.063e+02	3.012e+01	1.281e+02
1.530e+04	4.802e+01	1.487e+00	7.624e+01	1.650e+02	8.756e+00	2.183e+02	9.141e+01	7.150e+01	1.010e+02	5.848e+01	1.126e+01	1.206e+02
1.550e+04	7.550e+01	2.424e+01	1.166e+02	1.323e+02	1.225e+02	2.117e+02	9.990e+01	5.865e+01	1.071e+02	3.182e+01	9.014e+00	5.721e+01
1.570e+04	1.503e+02	3.126e+01	1.696e+02	1.331e+02	1.227e+02	1.818e+02	9.737e+01	7.055e+01	1.061e+02	1.078e+02	1.137e+01	1.367e+02
1.590e+04	6.375e+01	5.736e+00	1.146e+02	2.158e+02	1.060e+02	2.500e+02	9.028e+01	7.610e+01	1.099e+02	6.382e+01	1.135e+01	1.033e+02
1.610e+04	1.229e+02	7.479e+01	1.376e+02	1.468e+02	1.140e+02	2.410e+02	1.053e+02	8.492e+01	1.064e+02	5.597e+01	3.810e+01	1.352e+02
1.630e+04	1.318e+02	2.428e+01	1.382e+02	1.230e+02	6.800e+01	1.915e+02	1.085e+02	8.050e+01	1.171e+02	5.539e+01	1.504e+01	1.363e+02
1.650e+04	9.626e+01	2.425e+01	1.083e+02	1.477e+02	1.201e+02	2.418e+02	8.487e+01	7.673e+01	1.013e+02	5.946e+01	1.145e+01	1.351e+02
1.670e+04	4.262e+01	1.099e+01	1.105e+02	2.063e+02	1.200e+02	2.375e+02	9.833e+01	6.707e+01	1.236e+02	2.156e+01	4.746e+00	6.588e+01
1.690e+04	1.173e+02	1.046e+02	1.538e+02	1.218e+02	5.751e+01	1.311e+02	9.998e+01	8.615e+01	1.078e+02	1.198e+02	1.133e+01	1.285e+02
1.710e+04	1.266e+02	7.620e+01	2.015e+02	1.235e+02	6.275e+01	1.781e+02	8.715e+01	6.983e+01	9.958e+01	1.180e+02	1.139e+01	1.348e+02
1.730e+04	9.834e+01	9.378e+01	1.025e+02	1.497e+02	6.492e+01	2.218e+02	1.009e+02	7.445e+01	1.025e+02	1.215e+02	3.407e+01	1.363e+02
1.750e+04	7.122e+01	1.153e+01	1.275e+02	1.319e+02	1.228e+02	2.225e+02	8.878e+01	6.832e+01	1.229e+02	1.301e+02	3.691e+01	1.363e+02
1.770e+04	1.469e+02	2.661e+01	1.773e+02	1.960e+02	1.264e+02	2.125e+02	1.091e+02	9.435e+01	1.265e+02	1.235e+02	2.036e+01	1.355e+02
1.790e+04	3.292e+01	6.780e+00	9.369e+01	1.268e+02	1.135e+02	1.367e+02	9.464e+01	8.739e+01	1.028e+02	1.000e+02	6.567e+01	1.380e+02
1.810e+04	2.526e+01	4.511e+00	9.876e+01	1.216e+02	3.127e+01	1.283e+02	1.031e+02	5.652e+01	1.133e+02	3.982e+01	5.508e+00	1.189e+02
1.830e+04	2.650e+01	1.160e+01	5.235e+01	2.373e+02	1.243e+02	2.605e+02	8.518e+01	3.900e+01	8.864e+01	7.674e+01	1.386e+01	1.356e+02
1.850e+04	1.103e+02	1.153e+01	1.220e+02	2.298e+02	1.422e+02	2.525e+02	9.117e+01	6.314e+01	1.085e+02	4.851e+01	5.500e+00	9.651e+01
1.870e+04	2.745e+01	5.744e+00	7.590e+01	2.288e+02	1.255e+02	2.340e+02	8.022e+01	5.738e+01	1.092e+02	6.724e+01	7.131e+00	1.346e+02
1.890e+04	7.350e+01	1.149e+01	1.088e+02	2.144e+02	1.039e+02	2.305e+02	8.354e+01	3.893e+01	1.090e+02	1.132e+01	1.492e+00	8.867e+01
1.910e+04	9.306e+01	1.773e+01	1.186e+02	1.413e+02	1.035e+02	1.750e+02	9.542e+01	6.162e+01	1.191e+02	2.740e+01	2.758e+00	1.264e+02
1.930e+04	9.725e+01	3.218e+01	1.324e+02	1.810e+02	1.233e+02	2.390e+02	9.602e+01	8.534e+01	1.061e+02	8.989e+00	9.198e-01	1.892e+01
1.950e+04	8.624e+01	1.100e+01	1.177e+02	1.290e+02	1.215e+02	1.817e+02	1.023e+02	6.143e+01	1.175e+02	8.400e+01	1.138e+01	1.375e+02
1.970e+04	9.902e+01	1.469e+01	1.072e+02	1.230e+02	-5.040e-01	1.288e+02	9.780e+01	5.754e+01	1.029e+02	6.709e+01	2.820e+01	1.035e+02
1.990e+04	1.185e+02	9.751e+00	2.033e+02	1.444e+02	1.112e+02	2.225e+02	9.524e+01	6.351e+01	1.077e+02	5.532e+01	1.000e+01	1.380e+02
2.010e+04	9.676e+01	8.000e+00	1.108e+02	1.651e+02	1.227e+02	2.163e+02	1.007e+02	5.712e+01	1.144e+02	1.120e+02	1.595e+01	1.380e+02
2.030e+04	8.173e+01	-3.739e+00	1.285e+02	1.368e+02	2.125e-01	2.163e+02	1.101e+02	4.861e+01	1.379e+02	5.321e+01	1.049e+01	1.380e+02
2.050e+04	1.091e+02	1.624e+01	1.428e+02	1.885e+02	1.293e+02	2.395e+02	8.805e+01	7.783e+01	9.193e+01	4.035e+01	8.232e+00	1.123e+02
2.070e+04	2.975e+01	1.252e+01	1.188e+02	1.310e+02	1.169e+02	2.218e+02	9.051e+01	5.409e+01	1.059e+02	4.215e+01	1.145e+01	1.072e+02
2.090e+04	7.774e+01	1.429e+01	1.240e+02	1.323e+02	1.215e+02	2.365e+02	7.862e+01	5.295e+01	8.378e+01	3.445e+01	4.006e+00	7.163e+01
2.110e+04	1.194e+02	1.026e+01	1.260e+02	1.249e+02	5.050e+01	2.328e+02	7.725e+01	6.747e+01	1.055e+02	5.146e+01	8.005e+00	1.319e+02
2.130e+04	1.125e+02	7.499e+00	1.222e+02	1.244e+02	5.054e+01	1.407e+02	8.436e+01	7.380e+01	1.004e+02	6.532e+01	3.496e+00	1.037e+02
2.150e+04	8.303e+01	8.248e+00	1.167e+02	1.241e+02	1.137e+02	2.293e+02	8.118e+01	4.598e+01	8.761e+01	2.615e+01	1.113e+01	1.332e+02
2.170e+04	1.652e+01	-2.508e+00	6.180e+01	1.258e+02	9.284e+01	1.275e+02	8.730e+01	5.562e+01	1.005e+02	8.936e+01	2.794e+01	1.189e+02
2.190e+04	1.205e+02	1.900e+01	1.317e+02	1.155e+02	4.999e+00	1.315e+02	8.440e+01	5.802e+01	1.147e+02	3.281e+01	8.212e+00	9.470e+01
2.210e+04	1.400e+01	2.498e+00	3.910e+01	2.415e+02	1.262e+02	2.752e+02	9.700e+01	6.868e+01	1.151e+02	9.451e+01	1.955e+01	1.346e+02
2.230e+04	1.055e+02	1.698e+01	1.484e+02	1.582e+02	9.775e+01	2.435e+02	1.054e+02	5.148e+01	1.248e+02	9.985e+01	1.145e+01	1.089e+02
2.250e+04	3.875e+01	4.990e-01	1.212e+02	2.301e+02	9.025e+01	2.463e+02	1.074e+02	8.487e+01	1.181e+02	7.805e+01	1.437e+01	1.104e+02
2.270e+04	1.123e+02	1.400e+01	1.168e+02	1.538e+02	1.143e+02	2.232e+02	8.995e+01	7.817e+01	9.862e+01	9.137e+01	1.948e+01	1.378e+02
2.290e+04	5.232e+01	9.243e+00	9.576e+01	1.425e+02	1.095e+02	2.283e+02	1.069e+02	4.854e+01	1.223e+02	8.109e+01	2.373e+01	1.366e+02
2.310e+04	7.500e+01	2.499e+00	1.153e+02	1.435e+02	9.300e+01	1.840e+02	9.066e+01	5.404e+01	1.168e+02	7.591e+01	7.499e+00	1.030e+02
2.330e+04	1.037e+02	5.017e+00	1.158e+02	1.510e+02	2.175e+01	2.358e+02	9.715e+01	8.850e+01	1.139e+02	5.369e+01	8.646e-01	1.027e+02
2.350e+04	5.976e+01	1.965e+00	7.998e+01	1.883e+02	1.001e+02	2.553e+02	1.123e+02	8.206e+01	1.364e+02	8.624e+01	1.136e+01	1.373e+02
2.370e+04	7.990e+01	1.379e+01	1.300e+02	1.920e+02	1.265e+02	2.298e+02	1.037e+02	8.376e+01	1.160e+02	3.454e+01	1.230e+01	6.510e+01
2.390e+04	4.675e+01	1.660e+01	1.343e+02	2.382e+02	-4.850e+00	2.540e+02	9.580e+01	6.226e+01	9.975e+01	2.465e+01	7.546e-01	7.177e+01
2.410e+04	1.075e+02	1.725e+01	1.221e+02	1.163e+02	2.526e+01	1.423e+02	8.853e+01	5.486e+01	1.166e+02	1.218e+02	2.103e+01	1.378e+02
2.430e+04	9.776e+01	-1.742e+00	1.200e+02	2.305e+02	1.245e+02	2.567e+02	9.726e+01	8.241e+01	1.187e+02	1.106e+02	4.200e+01	1.356e+02
2.450e+04	6.206e+01	3.749e+00	1.278e+02	2.203e+02	1.116e+01	2.600e+02	1.018e+02	2.611e+01	1.243e+02	9.777e+01	1.340e+01	1.379e+02
2.470e+04	7.750e+01	1.200e+01	1.012e+02	1.415e+02	1.275e+02	2.133e+02	7.622e+01	6.686e+01	8.934e+01	9.412e+01	4.998e+01	1.200e+02
2.490e+04	1.225e+01	-2.819e-01	8.094e+01	1.268e+02	1.625e+01	2.293e+02	7.589e+01	5.788e+01	1.143e+02	3.584e+01	8.001e+00	1.041e+02
2.510e+04	9.126e+01	1.650e+01	1.172e+02	1.270e+02	3.550e+01	1.565e+02	8.913e+01	7.964e+01	9.349e+01	6.365e+01	3.250e+01	1.371e+02
2.530e+04	1.700e+01	8.985e+00	4.083e+01	1.198e+02	6.074e+01	1.698e+02	1.059e+02	6.311e+01	1.156e+02	1.049e+02	1.616e+01	1.356e+02
2.550e+04	1.074e+01	-7.164e-01	2.080e+01	2.216e+02	1.466e+02	2.570e+02	6.958e+01	6.036e+01	8.209e+01	1.062e+02	4.986e-01	1.361e+02
2.570e+04	1.173e+02	1.125e+01	1.343e+02	1.358e+02	1.127e+02	2.174e+02	8.503e+01	5.708e+01	1.100e+02	9.435e+01	1.122e+01	1.376e+02
2.590e+04	6.837e+01	1.775e+01	1.150e+02	1.583e+02	1.185e+02	2.813e+02	7.394e+01	5.970e+01	8.054e+01	5.365e+01	2.248e+01	6.975e+01
2.610e+04	1.014e+02	5.825e+01	1.274e+02	1.188e+02	-2.476e-01	1.680e+02	8.667e+01	7.005e+01	1.212e+02	1.027e+02	4.841e+01	1.356e+02
2.630e+04	1.100e+02	1.716e+01	1.300e+02	3.315e+02	7.178e+01	3.428e+02	8.253e+01	4.175e+01	9.031e+01	1.044e+02	3.140e+01	1.379e+02
2.650e+04	1.033e+02	4.744e+00	1.308e+02	1.209e+02	5.451e+01	2.013e+02	8.618e+01	5.775e+01	1.135e+02	8.545e+01	6.999e+00	1.051e+02
2.670e+04	8.131e+01	1.843e+01	8.725e+01	1.788e+02	1.228e+02	2.265e+02	7.424e+01	4.099e+01	1.317e+02	1.029e+02	3.016e+01	1.382e+02
2.690e+04	5.825e+01	2.254e+01	1.198e+02	1.278e+02	7.994e+00	2.268e+02	9.657e+01	7.784e+01	1.037e+02	6.687e+01	1.487e+01	1.065e+02
2.710e+04	1.105e+02	2.149e+01	1.322e+02	2.221e+02	1.130e+02	2.238e+02	6.101e+01	5.255e+01	8.019e+01	1.105e+02	1.881e+01	1.363e+02
2.730e+04	1.115e+02	3.778e+01	1.235e+02	2.405e+02	1.153e+02	2.533e+02	7.324e+01	3.981e+01	8.945e+01	1.063e+02	5.494e+00	1.380e+02
2.750e+04	5.476e+01	2.274e+01	1.133e+02	2.021e+02	1.293e+02	2.315e+02	8.736e+01	7.294e+01	9.456e+01	1.043e+02	7.774e+00	1.371e+02
2.770e+04	2.592e+01	5.751e+00	1.106e+02	1.189e+02	4.186e+01	2.410e+02	7.693e+01	5.749e+01	9.256e+01	5.774e+01	5.927e+00	7.592e+01
2.790e+04	1.917e+01	-4.463e+00	1.271e+02	1.326e+02	1.105e+02	2.388e+02	7.375e+01	6.426e+01	8.871e+01	5.092e+01	1.443e+01	1.029e+02
2.810e+04	1.608e+01	5.890e+00	9.701e+01	2.320e+02	1.248e+02	2.437e+02	7.884e+01	6.347e+01	1.028e+02	7.753e+01	1.398e+01	1.048e+02
2.830e+04	2.225e+01	4.510e+00	1.400e+02	1.274e+02	1.238e+02	2.360e+02	9.800e+01	5.179e+01	1.143e+02	6.412e+01	1.927e+01	1.243e+02
2.850e+04	1.118e+02	8.076e+01	1.303e+02	2.560e+02	1.238e+02	3.473e+02	9.266e+01	8.610e+01	1.131e+02	1.038e+02	4.894e+01	1.358e+02
2.870e+04	4.027e+01	7.496e+00	9.801e+01	1.298e+02	1.130e+02	3.113e+02	7.202e+01	6.475e+01	9.750e+01	7.969e+00	5.022e-01	1.038e+02
2.890e+04	5.827e+01	1.400e+01	1.180e+02	1.553e+02	1.103e+02	2.263e+02	9.730e+01	6.835e+01	1.114e+02	1.060e+02	2.198e+01	1.380e+02
2.910e+04	1.168e+02	2.546e+01	1.250e+02	2.280e+02	1.283e+02	2.378e+02	7.751e+01	5.921e+01	9.184e+01	7.524e+01	1.973e+01	1.348e+02
2.930e+04	2.300e+01	7.305e+00	1.153e+02	1.353e+02	1.179e+02	2.331e+02	1.006e+02	6.950e+01	1.261e+02	2.563e+01	4.981e+00	7.464e+01
2.950e+04	1.075e+02	4.046e+00	1.432e+02	2.245e+02	1.045e+02	2.470e+02	9.263e+01	6.393e+01	1.021e+02	3.865e+01	1.125e+01	1.364e+02
2.970e+04	2.975e+01	1.232e+00	5.400e+01	2.093e+02	1.248e+02	2.243e+02	9.445e+01	5.977e+01	1.004e+02	7.336e+01	2.983e+01	1.330e+02
2.990e+04	1.875e+01	2.285e+00	7.725e+01	2.241e+02	1.235e+02	2.653e+02	8.470e+01	6.546e+01	1.085e+02	9.399e+01	5.310e+01	1.228e+02
3.010e+04	1.133e+02	9.820e+00	1.248e+02	1.214e+02	8.803e+01	1.814e+02	1.006e+02	7.141e+01	1.078e+02	6.764e+01	2.178e+01	1.330e+02
