n.evals.q.1.0.	train.8.8.8.mlp.best.quality.increase	train.8.8.8.mlp.best.quality.increase.min	train.8.8.8.mlp.best.quality.increase.max	train.8.8.8.hebbian.synapse.random.best.quality.increase	train.8.8.8.hebbian.synapse.random.best.quality.increase.min	train.8.8.8.hebbian.synapse.random.best.quality.increase.max	train.8.8.8.hebbian.network.random.best.quality.increase	train.8.8.8.hebbian.network.random.best.quality.increase.min	train.8.8.8.hebbian.network.random.best.quality.increase.max	train.8.8.8.freeForm.random.best.quality.increase	train.8.8.8.freeForm.random.best.quality.increase.min	train.8.8.8.freeForm.random.best.quality.increase.max
1.000e+02	6.284e-02	-5.702e+00	9.898e+00	-9.449e-02	-6.380e-01	1.879e+00	-5.437e-01	-6.928e-01	-6.365e-02	1.846e-01	-3.247e-01	7.312e-01
3.000e+02	2.309e+00	-4.952e+01	3.988e+00	1.339e+00	-2.354e+00	1.782e+00	-3.910e-01	-1.330e+00	2.139e-01	8.219e-04	-1.192e+00	6.207e-01
5.000e+02	2.839e-02	-5.344e+00	1.188e+01	-7.092e-01	-2.615e+00	2.188e-01	-2.054e+00	-9.673e+00	7.371e-02	-2.891e-01	-3.453e+00	3.068e+00
7.000e+02	-7.314e-04	-3.694e+00	2.620e+00	1.051e+00	-1.255e-02	1.108e+01	-8.424e-01	-5.629e+00	2.496e-01	-6.133e-01	-1.215e+00	-4.231e-01
9.000e+02	6.815e-01	-4.332e+00	4.146e+00	9.727e-02	-1.413e+00	1.243e+00	3.062e-01	-1.874e+00	1.888e+01	-2.825e-01	-1.303e+00	-4.550e-02
1.100e+03	-9.985e-01	-3.034e+01	8.909e+00	-3.731e-03	-2.617e+00	7.743e-01	3.010e-02	-1.860e+00	9.294e-01	-5.889e-01	-2.530e+00	7.442e-01
1.300e+03	6.397e+00	4.926e-01	9.214e+00	-2.484e-01	-1.489e+00	-1.198e-04	-1.508e+00	-2.046e+01	-5.580e-01	-2.104e-02	-1.200e+00	2.301e-05
1.500e+03	-1.781e+01	-7.173e+01	-1.506e+00	1.570e-01	-1.771e+00	2.752e+00	-1.319e+00	-2.806e+01	-8.485e-01	1.560e+00	8.148e-01	3.089e+00
1.700e+03	-1.033e+01	-6.158e+01	-1.228e+00	1.539e+00	1.625e-01	5.559e+00	-1.893e-02	-1.280e+01	1.919e+01	5.752e-04	-5.781e-01	6.444e-03
1.900e+03	3.392e+00	-1.829e+01	4.027e+01	1.446e-01	-1.992e+00	3.899e-01	9.697e+00	1.238e-01	2.480e+01	-2.666e-01	-1.470e+00	2.553e-03
2.100e+03	1.450e+01	-1.351e+01	2.820e+01	-2.359e-01	-2.756e+00	3.031e-03	6.918e+00	2.433e-03	9.395e+00	6.460e-01	-1.313e+00	3.636e+00
2.300e+03	1.986e+01	4.117e+00	7.581e+01	9.331e-02	-1.323e+00	2.502e+00	6.437e-01	-1.879e+00	4.703e+00	2.074e-03	-1.499e+00	1.155e+00
2.500e+03	1.745e+00	-1.039e+01	1.752e+01	1.735e+00	2.855e-02	3.557e+00	8.058e-02	-1.442e+00	4.404e+00	3.542e-02	-4.967e-01	6.537e+00
2.700e+03	2.082e-01	-6.201e+01	1.488e+01	-2.237e-02	-8.633e+00	2.072e-02	7.444e-02	-2.680e+00	8.608e+00	2.928e-03	-7.959e+00	9.182e-01
2.900e+03	-7.205e-01	-9.567e+01	1.897e+01	5.559e-01	-1.553e+00	2.278e+00	1.178e+00	-1.341e+01	3.728e+00	3.226e-02	-4.996e-01	1.824e+00
3.100e+03	4.301e-02	-8.671e+00	5.152e+01	-1.250e+00	-1.600e+01	-2.902e-01	1.598e-01	-9.096e-01	1.046e+01	9.954e-01	-5.149e-01	4.823e+00
3.300e+03	1.901e+00	-2.200e+01	7.525e+00	9.334e-01	-1.242e+00	1.833e+00	5.687e-01	-8.578e+00	1.086e+01	-3.058e-04	-1.231e-01	7.649e-01
3.500e+03	-5.356e+00	-2.726e+01	1.144e+01	-6.113e-02	-1.552e+00	1.186e+00	-1.070e-02	-4.612e+00	1.390e+01	-1.003e+00	-1.494e+00	2.482e-03
3.700e+03	8.655e+01	2.806e+01	9.681e+01	-1.429e-01	-1.170e+02	2.603e+00	4.501e-01	-3.035e+01	7.517e+00	9.713e-04	-1.495e+00	7.777e-03
3.900e+03	4.996e-01	-7.409e+01	8.006e+01	4.627e-03	-2.501e+00	1.410e+00	8.395e+00	1.853e-01	1.791e+01	6.510e-03	-1.963e-03	9.201e-01
4.100e+03	4.174e+01	-2.899e+01	5.621e+01	-1.572e-02	-1.276e+00	2.596e+00	1.237e+00	-4.000e+00	1.021e+01	1.392e-03	-9.953e-01	2.322e-01
4.300e+03	2.179e+01	-4.111e+00	2.356e+01	1.128e+00	-1.896e-01	2.444e+00	5.450e+00	-1.472e-01	6.547e+00	-3.197e-03	-1.491e+00	1.170e+00
4.500e+03	-5.096e+00	-4.721e+01	1.700e+01	7.389e-01	-1.301e+00	1.160e+00	1.317e+00	-3.860e-01	3.707e+00	4.741e-03	-1.994e+00	3.367e+00
4.700e+03	-9.035e+00	-9.254e+01	2.132e+01	1.585e-04	-7.803e-01	6.748e+00	6.293e-01	-6.437e+00	2.259e+00	3.421e-01	-7.968e-01	3.290e+00
4.900e+03	1.785e+01	-4.246e+01	4.379e+01	5.783e-01	-1.150e+01	2.933e+00	6.068e-01	-1.070e+00	6.534e+00	-3.815e-04	-2.005e+00	1.748e+00
5.100e+03	7.461e-01	-2.634e+01	2.019e+01	5.777e-02	-3.977e+00	2.992e+00	2.338e+00	-9.137e+00	1.915e+01	-1.020e-03	-1.313e+00	3.346e+00
5.300e+03	1.146e+01	-7.004e+01	3.040e+01	2.779e-01	-2.191e+00	6.761e+00	1.499e+00	-2.492e+00	1.982e+01	1.416e-03	-1.478e+00	2.500e+00
5.500e+03	-2.882e+00	-8.122e+01	4.215e+01	9.240e-01	-5.296e-01	6.407e+00	1.213e+01	9.660e-01	6.135e+01	-2.526e-01	-1.308e+01	-2.076e-03
5.700e+03	2.773e+01	-4.685e+00	7.165e+01	7.394e-01	-1.007e+00	2.743e+00	4.771e+00	-1.092e+01	9.406e+00	-4.454e-01	-2.622e+00	7.829e-04
5.900e+03	-4.187e+00	-6.150e+01	7.255e+00	-1.019e-02	-3.003e+00	2.760e+00	3.672e+00	5.875e-01	1.309e+01	2.808e-02	-1.286e+00	4.797e+00
6.100e+03	5.007e+00	-5.687e+00	5.259e+01	-5.016e+00	-1.150e+02	1.306e-02	1.037e+00	-4.860e-01	6.667e+00	3.728e-03	-1.093e+00	7.251e+00
6.300e+03	8.626e+00	-5.642e+01	4.102e+01	-4.199e-03	-1.267e+00	1.023e+00	8.165e-01	-1.015e+01	1.254e+01	-1.317e+00	-6.315e+00	5.506e-05
6.500e+03	2.889e+00	-4.594e+01	4.535e+01	4.357e+01	2.161e+00	5.301e+01	1.097e+01	-5.455e-01	1.972e+01	2.800e-01	-6.508e-04	1.067e+01
6.700e+03	-3.950e+01	-5.599e+01	-7.686e-01	6.669e-01	-8.526e+01	4.867e+00	2.487e-01	-6.634e-01	8.922e+00	9.596e-04	-4.959e-01	5.035e-01
6.900e+03	-3.116e+00	-3.752e+01	1.292e+01	8.677e-03	-6.911e+01	8.189e-01	8.325e-01	-5.382e-01	1.301e+01	1.763e-03	-1.451e+00	3.205e+00
7.100e+03	2.302e+01	-3.162e+00	1.032e+02	-1.730e-02	-1.952e+01	1.419e+00	6.082e-01	-7.697e+00	4.300e+00	-7.710e-04	-1.273e+00	6.722e-01
7.300e+03	3.088e+00	-2.325e+00	7.725e+01	6.820e-03	-9.159e-01	1.411e+00	1.167e+01	-1.507e+00	1.933e+01	5.369e-01	-2.044e+00	2.754e+00
7.500e+03	-2.204e-01	-8.620e+01	3.447e+00	1.733e-02	-1.465e+00	2.893e+00	2.364e+00	-3.739e-01	2.075e+01	4.138e-03	-2.806e-01	1.136e+00
7.700e+03	3.327e+00	-1.329e+01	5.879e+01	-1.832e+00	-6.149e+00	1.183e+00	3.196e+00	-7.254e+00	1.278e+01	3.072e-03	-1.386e+00	3.752e+00
7.900e+03	2.578e+01	1.615e+00	5.075e+01	1.824e+00	-2.874e+00	1.369e+01	1.684e+00	-1.447e+01	1.169e+01	2.750e+00	-1.287e+00	4.679e+00
8.100e+03	3.224e+00	-3.657e+01	1.448e+01	1.448e+00	-4.937e+01	3.951e+01	-3.744e+00	-9.399e+00	9.219e-01	-7.910e-04	-1.230e+00	4.439e-03
8.300e+03	3.082e+00	-4.983e+00	1.247e+01	-3.243e+00	-1.950e+01	5.583e-01	1.943e-01	-1.066e+01	6.771e+00	1.381e-02	-1.154e-03	3.067e+00
8.500e+03	1.005e+00	-1.547e+01	6.774e+01	9.653e-03	-2.749e+00	1.650e+01	-1.926e-01	-6.432e-01	1.933e-01	-3.685e-02	-1.497e+00	1.192e-03
8.700e+03	3.249e+01	4.740e-01	8.894e+01	1.046e+01	-2.007e-02	1.773e+01	1.276e+01	-9.538e+00	3.665e+01	-1.496e+00	-6.219e+00	-1.386e+00
8.900e+03	-1.066e+01	-4.806e+01	5.387e+01	-1.437e+00	-3.977e+01	-8.898e-01	9.310e-01	-4.118e+00	2.423e+00	5.718e-03	-1.491e+00	2.623e-01
9.100e+03	-7.486e+00	-2.702e+01	2.864e-01	2.622e+00	-1.491e+00	1.048e+02	-1.517e-02	-1.237e+00	3.344e-01	-1.678e-04	-1.493e+00	1.404e+00
9.300e+03	-3.710e+00	-3.662e+01	3.872e+01	1.276e+00	-1.259e-01	3.838e+00	1.420e+00	-1.064e+00	1.153e+01	1.489e-03	-1.397e+00	5.842e-01
9.500e+03	-2.741e+00	-8.592e+01	1.018e+01	-2.330e+00	-1.995e+01	3.310e-04	2.122e+01	-5.359e+00	2.369e+01	-6.028e-04	-1.855e+00	2.498e+00
9.700e+03	2.725e+01	-4.397e+01	5.325e+01	-1.493e+00	-9.922e+01	-5.438e-01	5.903e+00	-3.626e-01	1.531e+01	1.700e+00	-7.867e-01	5.963e+00
9.900e+03	-9.797e-01	-7.593e+01	2.700e+01	-3.971e-03	-1.499e+01	1.387e+00	9.043e-01	-1.158e+00	1.762e+01	1.352e-03	-1.007e+00	4.932e+00
1.010e+04	7.675e+01	-4.752e+00	9.744e+01	-4.096e-01	-6.766e+00	6.738e+00	1.017e+01	4.504e+00	1.328e+01	1.452e-04	-4.098e+00	2.282e+01
1.030e+04	-6.304e+00	-7.017e+01	3.540e+01	4.835e-01	-2.146e+00	7.635e-01	3.895e-02	-5.539e-01	4.514e+00	4.850e-01	-1.194e+00	8.246e+00
1.050e+04	2.897e+00	-1.333e+01	7.099e+01	-1.042e+00	-1.015e+02	5.306e-01	5.173e+00	-1.104e+01	1.240e+01	2.111e-03	-1.359e+00	6.833e-01
1.070e+04	1.076e+01	-1.056e+01	9.773e+01	-1.181e+00	-3.926e+01	2.882e+01	2.507e+00	-6.881e-01	9.479e+00	-6.624e-03	-2.696e+00	4.058e-03
1.090e+04	-1.590e+00	-4.909e+01	4.967e+00	6.849e+00	1.093e-02	4.896e+01	4.672e-01	-3.150e+00	8.761e-01	-6.557e-03	-1.340e+00	1.023e+00
1.110e+04	5.188e+00	-2.216e+01	1.144e+02	6.201e+00	-6.960e+00	9.752e+00	1.347e+00	-2.710e+00	6.726e+00	4.586e-01	-2.664e-01	4.001e+00
1.130e+04	-8.552e-01	-2.567e+01	2.221e+00	2.744e+00	2.657e-03	9.528e+00	3.185e+00	-7.149e+00	1.273e+01	-6.527e-01	-2.406e+00	5.768e-03
1.150e+04	1.089e+01	-3.338e+01	9.698e+01	2.716e+01	-1.810e-01	3.849e+01	1.988e+00	-1.331e+00	1.145e+01	6.058e-01	-1.499e+00	4.743e+00
1.170e+04	1.114e+01	-5.756e+00	7.173e+01	3.991e+00	-7.905e+00	8.991e+00	2.723e+00	-1.422e+00	1.584e+01	-2.304e-01	-4.344e-01	1.187e-03
1.190e+04	2.949e+00	-6.600e+01	3.025e+01	3.001e+00	-7.905e+01	8.030e+01	5.950e+00	1.456e+00	1.401e+01	2.035e-04	-3.891e-01	4.351e-01
1.210e+04	2.419e-01	-1.157e+00	1.099e+01	3.503e-02	-8.236e+00	4.307e+00	-1.566e+00	-1.365e+01	-2.385e-01	5.547e-01	-1.512e+00	1.428e+00
1.230e+04	1.516e+00	-2.075e+01	1.644e+01	3.009e+00	-1.026e+01	9.502e+00	1.885e+00	-1.004e+00	1.614e+01	9.979e-01	-1.953e-03	3.452e+00
1.250e+04	2.594e+00	-8.202e+01	4.228e+01	2.399e+00	-1.010e+02	1.850e+01	-3.632e-03	-1.284e+01	1.233e+01	-7.109e-02	-1.263e+00	1.018e-02
1.270e+04	-1.422e+01	-7.316e+01	1.720e+01	3.248e+00	-1.706e+00	1.458e+01	-7.045e-01	-3.259e+00	4.890e+00	-2.271e-01	-1.211e+01	-4.639e-03
1.290e+04	2.244e+01	-2.377e+01	7.205e+01	4.758e+00	-8.700e+01	1.941e+01	3.249e+00	-1.857e-01	1.379e+01	-4.880e-01	-1.097e+01	-1.750e-03
1.310e+04	2.501e+01	-5.622e+01	6.062e+01	1.143e-01	-3.717e+01	9.676e+01	2.751e+00	-3.107e-03	1.511e+01	-1.499e+00	-2.431e+01	-1.080e-04
1.330e+04	-7.449e-01	-2.823e+01	7.330e+00	1.130e+00	-2.893e+01	1.045e+02	-3.616e+00	-2.173e+01	-6.650e-02	4.609e-01	-1.213e+00	2.590e+00
1.350e+04	7.550e+00	-8.489e+00	1.882e+01	1.498e+00	-7.560e+00	5.849e+00	3.084e+00	2.243e-01	2.975e+01	2.372e-03	-6.087e-01	6.063e-01
1.370e+04	8.629e-01	-1.154e+01	4.442e+00	2.300e+01	-1.233e+02	3.727e+01	1.298e-01	-1.474e+01	2.141e+00	3.139e-03	-2.677e+00	3.104e+00
1.390e+04	-7.041e+00	-4.519e+01	1.401e+01	6.845e+00	-1.051e+01	1.184e+02	-4.767e-01	-1.091e+01	3.925e+00	-7.305e-01	-1.465e+01	5.287e-01
1.410e+04	1.363e+00	-3.552e+01	6.606e+01	-2.705e+00	-4.252e+01	2.241e-03	1.418e+01	2.134e+00	1.913e+01	-3.238e-01	-4.683e+00	1.065e+00
1.430e+04	-4.250e+01	-7.487e+01	7.448e+00	1.422e+00	-5.205e+01	8.540e+00	5.772e-01	-1.192e+01	1.441e+01	1.188e+00	-5.990e-01	4.922e+00
1.450e+04	3.294e+01	-7.850e+01	8.625e+01	1.687e+00	-7.329e+00	3.975e+01	2.587e+00	-1.788e-01	1.921e+01	4.453e-03	-2.429e+00	5.030e-01
1.470e+04	3.368e+00	-3.325e+01	6.139e+01	1.144e+01	-1.660e+01	1.073e+02	-6.304e+00	-1.405e+01	1.178e+01	-6.150e-02	-1.011e+00	1.703e-03
1.490e+04	-3.003e+00	-4.209e+01	4.400e+01	3.655e-03	-1.136e+02	7.260e+00	-5.162e-02	-8.894e-01	1.023e+00	3.616e-02	-3.949e+00	7.527e+00
1.510e+04	-3.357e+01	-6.630e+01	2.302e+00	-7.556e-01	-1.651e+01	5.264e+00	-4.540e-01	-7.881e+00	2.374e+00	4.821e+00	-5.105e-01	8.867e+00
1.530e+04	1.776e+01	5.002e-01	4.975e+01	8.995e+00	-1.168e+02	9.553e+01	4.978e+00	-1.421e+01	1.007e+01	1.795e-03	-3.845e+00	2.604e+00
1.550e+04	8.751e+00	-2.337e+00	6.360e+01	5.254e+00	-1.929e+01	6.726e+01	8.424e+00	4.719e-01	1.140e+01	-4.072e-01	-1.994e+00	2.219e+00
1.570e+04	-5.475e+01	-1.103e+02	-1.996e+00	-1.245e+00	-1.026e+01	9.251e+01	1.248e+00	-5.936e-01	1.567e+01	-2.321e-03	-1.106e+01	5.026e+00
1.590e+04	4.000e+01	4.904e+00	1.011e+02	4.977e-01	-1.150e+02	6.097e+01	1.237e+01	4.451e-01	1.797e+01	-7.898e-02	-2.252e+00	9.904e-01
1.610e+04	-1.556e+01	-1.088e+02	3.772e+00	1.725e+01	-6.785e+00	4.851e+01	2.967e+00	-8.581e-01	1.921e+01	2.071e-03	-4.997e+00	8.833e+00
1.630e+04	-4.818e-01	-8.754e+00	1.157e+01	2.100e+01	-1.625e+01	5.844e+01	2.251e-01	-5.635e-01	1.661e+01	-5.017e-01	-2.637e+01	2.141e+00
1.650e+04	6.850e+01	-5.411e+01	9.381e+01	-5.292e+01	-1.210e+02	1.563e-01	1.701e+01	5.052e-01	1.939e+01	1.971e-03	-1.504e+00	3.338e+01
1.670e+04	6.180e+01	-1.285e+00	7.875e+01	-8.726e+00	-1.138e+02	5.416e+00	3.445e+00	-1.793e+00	1.251e+01	5.116e-01	-4.968e-01	1.278e+01
1.690e+04	-7.686e+01	-1.048e+02	-1.769e+00	-3.510e+00	-5.527e+01	1.193e+02	-2.790e-01	-2.402e+00	8.843e+00	1.521e-03	-9.949e-01	2.768e+00
1.710e+04	1.910e-01	-2.859e+01	4.995e+00	7.146e+01	-2.693e-01	1.164e+02	2.174e-01	-2.236e+00	1.754e+01	-9.080e-02	-1.352e+00	1.490e+00
1.730e+04	-2.324e+00	-8.850e+01	2.114e+00	-1.555e-01	-1.085e+02	2.132e+01	3.451e-01	-1.156e+01	4.812e+00	-2.314e-01	-4.956e+00	2.186e+00
1.750e+04	5.266e+00	-4.769e+01	1.387e+01	-9.995e+00	-1.069e+02	7.638e-01	-2.140e+00	-1.096e+01	8.040e-01	8.965e-01	-2.762e+00	9.837e+00
1.770e+04	-1.024e+00	-7.737e+01	8.930e+00	1.423e+01	-5.749e+00	2.941e+01	-5.561e-02	-1.063e+01	6.707e-01	3.177e+00	-2.103e+00	1.350e+01
1.790e+04	1.576e+01	-3.425e+01	3.700e+01	2.435e+00	-6.188e+01	7.075e+01	1.950e+00	-5.113e-01	9.993e+00	-6.439e-03	-2.614e+01	5.179e-01
1.810e+04	4.502e+01	-1.249e+01	9.756e+01	3.859e+00	-1.140e+02	7.052e+01	-7.324e-01	-9.941e+00	-3.455e-01	3.993e-03	-2.204e+00	2.670e+00
1.830e+04	9.914e-01	-4.415e+01	2.668e+01	7.496e-01	-1.839e+01	3.375e+01	4.160e+00	-1.089e+00	7.371e+00	-5.605e-02	-9.816e+00	-9.170e-04
1.850e+04	-2.502e+00	-1.010e+02	3.731e+00	-4.504e+00	-9.735e+01	-1.253e+00	3.816e-01	-7.229e+00	1.194e+01	9.991e-01	-1.784e+00	2.277e+01
1.870e+04	3.973e-01	-5.400e+01	6.121e+01	-4.245e+00	-9.975e+01	4.994e+00	2.168e+01	-8.993e+00	2.958e+01	1.343e-02	-7.582e+01	3.256e+00
1.890e+04	1.619e+01	-5.200e+01	3.276e+01	-2.793e+00	-9.983e+00	-5.111e-01	8.861e+00	1.147e+00	1.759e+01	4.017e-01	-2.632e-04	8.258e+00
1.910e+04	3.016e+00	-1.924e+01	3.625e+01	5.801e+00	-4.750e+01	3.553e+01	1.044e+01	-2.781e-01	1.765e+01	2.397e+00	-4.750e+00	2.895e+01
1.930e+04	3.998e+00	-7.412e+01	6.959e+00	-1.753e+00	-1.195e+02	2.310e+01	5.062e+00	-2.440e-01	1.541e+01	3.765e+01	1.004e+00	8.175e+01
1.950e+04	-1.314e+00	-5.198e+01	1.350e+01	-9.757e+00	-1.132e+02	-9.924e-01	1.090e+00	-1.646e-04	1.630e+01	5.226e-01	-4.516e-01	1.301e+00
1.970e+04	1.275e+01	-2.753e+00	6.351e+01	1.250e+01	-4.027e+01	1.105e+02	9.377e-01	-6.523e+00	1.463e+01	1.797e-01	-1.501e+00	4.310e-01
1.990e+04	5.897e+00	-3.906e+01	5.126e+01	-1.149e+01	-9.574e+01	1.035e+02	3.527e-02	-4.241e+00	1.141e+00	8.288e-03	-6.447e+00	1.488e+01
2.010e+04	7.715e+01	-3.245e+00	1.048e+02	-2.246e+00	-7.170e+01	3.270e+00	2.864e-02	-7.908e+00	2.305e+01	-9.985e-01	-2.151e+00	1.749e-04
2.030e+04	6.007e+00	-1.040e+02	1.107e+02	-5.760e+00	-9.927e+01	3.276e+01	1.907e+01	-1.570e-01	2.261e+01	1.281e+00	-4.952e-01	4.759e+00
2.050e+04	-1.249e+01	-3.279e+01	1.515e+01	-2.499e-01	-7.351e+01	2.251e+01	4.247e+00	9.173e-03	5.829e+00	4.982e-01	-1.261e+00	8.463e+00
2.070e+04	-3.302e+00	-1.900e+01	4.998e+00	-3.540e+00	-9.216e+01	5.119e-01	9.444e+00	2.896e+00	1.212e+01	5.079e-01	-1.406e+00	1.323e+01
2.090e+04	-5.040e+00	-9.340e+01	3.077e+01	4.910e-01	-1.033e+02	5.498e+00	9.318e-01	-8.918e-02	3.020e+01	7.502e-01	-1.930e+00	1.793e+01
2.110e+04	-4.175e+01	-1.057e+02	1.025e+01	-9.996e-01	-1.193e+02	8.174e+01	5.960e-01	-8.280e+00	1.070e+00	7.723e-01	-6.255e+00	1.543e+00
2.130e+04	7.507e-01	-2.326e+01	5.408e+01	5.964e+01	-5.775e+00	1.189e+02	-2.787e-01	-1.550e+01	8.459e+00	-6.119e-02	-1.016e+00	2.001e+00
2.150e+04	2.075e+01	-5.275e+01	4.528e+01	-4.837e+01	-1.203e+02	-1.340e+00	3.948e+00	-1.566e-01	7.954e+00	-1.288e+00	-1.224e+01	1.293e+01
2.170e+04	1.850e+01	-1.571e+01	7.887e+01	-4.436e-04	-9.036e+01	3.597e+01	3.570e+00	-8.749e+00	1.612e+01	-1.147e-02	-1.016e+01	1.155e+01
2.190e+04	-3.486e+00	-8.475e+01	4.750e+00	1.252e+00	-1.244e+01	9.102e+01	1.772e+00	-1.745e+01	2.333e+01	-1.115e-04	-3.477e-01	2.251e+00
2.210e+04	4.750e+01	-4.248e+00	1.021e+02	4.417e+00	-8.791e+00	5.668e+01	5.714e-01	9.807e-02	9.131e-01	-6.881e-04	-2.010e+00	2.009e+00
2.230e+04	-4.744e+00	-9.050e+01	2.496e+00	1.504e+00	-1.334e+01	1.062e+02	2.996e+00	-1.445e-01	1.387e+01	-3.494e+00	-1.240e+01	-1.508e+00
2.250e+04	-1.168e+00	-4.501e+00	2.425e+01	2.623e-01	-2.108e+01	7.674e+01	7.502e+00	2.529e-03	1.007e+01	1.571e+00	-3.036e-02	3.412e+01
2.270e+04	1.354e+00	-8.750e+00	1.050e+01	1.498e+00	-5.205e+01	7.425e+01	-2.592e-01	-1.484e+00	4.064e-01	7.812e-04	-1.311e+00	3.362e+00
2.290e+04	2.422e+01	-8.221e-01	6.775e+01	1.300e+01	-3.551e+01	1.075e+02	2.691e+01	5.347e-01	3.368e+01	1.479e-01	-1.261e+00	8.202e+00
2.310e+04	3.009e+00	-5.033e-01	4.422e+01	1.105e+02	-3.293e-03	1.272e+02	1.631e+00	-4.599e-02	2.941e+01	7.514e-01	-9.188e-01	1.999e+00
2.330e+04	2.210e+01	-9.491e-01	1.045e+02	6.235e+00	-7.625e+01	1.048e+02	1.552e+00	-1.204e-02	1.242e+01	1.731e+01	4.248e+00	2.353e+01
2.350e+04	2.548e+01	-1.725e+01	1.055e+02	5.400e+01	-1.073e+02	8.073e+01	2.572e+00	-9.592e+00	2.191e+01	-1.285e+00	-2.574e+00	-3.299e-03
2.370e+04	1.116e+01	-2.103e+01	1.691e+01	-2.532e-01	-1.065e+02	4.326e+01	9.054e+00	4.442e-01	1.509e+01	4.683e+00	-9.557e-01	7.568e+01
2.390e+04	-8.532e+00	-4.724e+01	-7.655e-01	6.248e+00	-6.318e+00	1.233e+02	-1.394e+01	-5.239e+01	1.168e+00	4.381e+01	-9.130e-01	7.621e+01
2.410e+04	-6.992e+00	-8.802e+01	-4.494e+00	1.478e+01	-1.351e+01	2.850e+01	1.097e+00	-6.803e-01	1.850e+01	2.032e+00	-1.561e+00	2.783e+00
2.430e+04	7.000e+00	-3.558e+00	1.622e+01	-6.095e+00	-1.205e+02	7.212e-01	2.829e+00	-5.196e+00	1.120e+01	2.727e-03	-9.242e-01	1.351e+00
2.450e+04	-4.382e+00	-3.681e+01	6.377e+01	-1.030e+00	-2.260e+01	7.007e+00	-2.244e-01	-3.121e+00	2.495e+01	7.091e-02	-1.503e+00	3.852e+00
2.470e+04	-7.489e-01	-1.425e+01	2.629e+01	-7.578e-02	-1.230e+02	7.882e+01	9.168e-01	-5.321e+00	2.072e+01	-2.459e-01	-1.464e+00	8.010e+00
2.490e+04	6.240e-01	-8.499e+00	7.176e+01	1.227e+01	-1.755e+00	9.376e+01	3.643e-01	-1.730e+01	1.146e+01	7.266e-03	-5.509e+00	2.779e+01
2.510e+04	5.013e-01	-3.825e+01	5.747e+00	2.718e+00	-3.576e+01	5.773e+01	2.117e+00	-5.439e+00	1.322e+01	3.732e-03	-9.308e-01	2.111e+00
2.530e+04	2.500e+00	-1.472e+01	5.424e+01	6.254e+00	-9.001e+01	1.330e+02	5.158e+00	1.310e+00	1.598e+01	9.341e-04	-1.697e+01	3.944e+01
2.550e+04	3.487e+01	3.724e+00	7.555e+01	5.875e+01	-1.512e+00	8.326e+01	2.759e+00	-1.348e+01	3.724e+01	6.054e-01	-9.794e+00	2.248e+00
2.570e+04	1.877e+01	-9.350e+01	8.308e+01	9.940e+00	-1.122e+02	5.961e+01	3.270e+00	-3.727e-01	1.462e+01	1.821e-01	-2.981e+00	2.673e+00
2.590e+04	3.708e+01	-1.075e+01	5.184e+01	-3.351e+01	-7.376e+01	1.225e+01	1.374e+01	1.000e-01	3.173e+01	2.003e+00	-6.056e+00	6.907e+01
2.610e+04	2.760e+00	-7.355e+01	1.225e+01	3.712e+00	-2.692e+01	1.185e+02	3.549e-01	-1.261e+01	2.025e+01	-4.836e-01	-3.997e+00	4.474e-02
2.630e+04	5.154e-01	-3.071e+01	2.857e+00	3.441e+01	-1.033e+02	1.018e+02	6.887e+00	-4.875e-01	3.695e+01	-5.689e-01	-1.708e+01	3.325e+00
2.650e+04	-2.187e+00	-6.262e+01	1.749e+01	-6.245e+00	-1.125e+02	3.766e+01	3.199e-01	-7.652e+00	2.483e+00	3.206e-03	-4.250e+00	2.168e+01
2.670e+04	-4.468e-03	-3.679e+01	3.007e+00	8.575e+01	-7.352e-01	1.183e+02	1.063e+00	-2.254e+00	1.027e+01	5.449e-02	-4.730e-01	1.749e+00
2.690e+04	-1.275e+01	-7.307e+01	-1.773e+00	5.051e-01	-2.584e-01	1.165e+02	1.039e+01	1.873e-01	1.711e+01	8.567e-03	-1.024e+01	1.021e+01
2.710e+04	-2.676e+01	-9.680e+01	-2.211e+00	8.878e+01	-4.887e+01	1.238e+02	1.331e+00	-2.233e-01	3.300e+01	2.381e-01	-1.317e+00	1.200e+01
2.730e+04	2.761e+00	-4.700e+01	1.525e+01	1.999e+00	-5.001e+00	5.323e+01	2.454e+01	5.256e+00	2.923e+01	1.502e+00	-4.241e+00	2.402e+01
2.750e+04	2.999e+00	-2.750e+00	1.676e+01	-9.751e+01	-1.199e+02	1.554e+00	4.649e+00	-2.232e-01	8.846e+00	1.374e+00	-9.263e-01	2.037e+01
2.770e+04	1.025e+01	-1.299e+01	8.850e+01	2.676e+00	-1.656e+01	4.348e+00	1.167e+01	-1.475e+00	3.108e+01	-1.709e-01	-1.750e+00	1.134e-01
2.790e+04	1.675e+00	-2.465e+01	3.525e+01	1.043e+00	-8.500e+01	1.252e+02	9.852e+00	-7.138e-01	2.078e+01	1.365e+00	-1.665e+00	3.175e+01
2.810e+04	2.480e-01	-6.006e+00	3.824e+01	-3.750e+00	-1.172e+02	3.135e+01	4.999e-01	-7.043e-01	1.176e+01	5.444e-01	-4.082e+00	2.008e+00
2.830e+04	1.250e+01	-5.776e+01	1.016e+02	6.166e+00	-8.354e+01	2.546e+01	-2.732e-01	-1.005e+00	7.539e-01	2.450e+01	-5.044e-01	7.066e+01
2.850e+04	-1.626e+01	-5.138e+01	1.163e+01	-2.851e+01	-1.158e+02	-8.156e-01	4.098e+00	-4.343e-01	1.726e+01	-7.002e-04	-1.190e+00	3.578e+00
2.870e+04	-4.532e+00	-3.627e+01	2.675e+01	2.746e+01	-2.001e+00	5.075e+01	1.929e-01	-2.618e+01	6.254e+00	7.549e+00	-2.499e-04	4.920e+01
2.890e+04	-2.351e+01	-7.498e+01	-3.997e+00	-3.755e+00	-9.003e+00	1.013e+01	1.624e+00	-6.720e-01	3.394e+00	-2.285e-02	-4.010e+01	1.250e+00
2.910e+04	-7.191e-02	-5.207e+00	1.108e+00	1.176e+00	-6.699e+01	3.510e+01	1.463e+00	-1.157e+00	1.410e+01	4.731e-01	-7.956e-01	1.097e+01
2.930e+04	6.753e+00	-9.497e+00	1.450e+01	1.429e+01	-1.747e+00	2.546e+01	1.042e+00	-7.363e+00	1.210e+01	-1.271e+00	-1.273e+01	-8.463e-01
2.950e+04	-1.900e+00	-1.156e+01	9.257e+00	8.600e-01	-1.376e+01	4.760e+00	3.650e-01	-9.961e+00	4.892e+00	1.154e+00	-4.964e-01	3.964e+01
2.970e+04	6.319e+01	2.506e+00	7.527e+01	-5.955e+00	-8.126e+01	2.975e+01	-3.676e-01	-2.934e+01	1.615e-01	-1.388e-01	-2.529e+01	3.259e+00
2.990e+04	1.550e+01	4.739e+00	9.075e+01	5.236e+00	-5.940e+01	6.599e+01	1.104e+00	-9.491e+00	1.644e+01	4.193e-01	-5.616e+01	3.751e+00
3.010e+04	7.754e+00	-6.850e+01	9.952e+01	1.374e+00	-4.584e+01	1.060e+02	4.017e-01	-3.369e+00	2.775e+00	-2.477e-01	-1.556e+00	2.369e+01
