n.evals.q.1.0.	xor._.hebbian.network.best.quality.increase	xor._.hebbian.network.best.quality.increase.min	xor._.hebbian.network.best.quality.increase.max	xor._.hebbian.synapse.best.quality.increase	xor._.hebbian.synapse.best.quality.increase.min	xor._.hebbian.synapse.best.quality.increase.max	xor._.freeForm.best.quality.increase	xor._.freeForm.best.quality.increase.min	xor._.freeForm.best.quality.increase.max
1.000e+02	4.972e-01	2.990e-01	5.211e-01	4.442e-01	2.497e-01	4.754e-01	1.256e-01	1.250e-01	1.281e-01
2.000e+02	9.726e-02	5.158e-02	4.744e-01	4.654e-01	2.466e-01	5.188e-01	1.250e-01	6.832e-02	2.123e-01
3.000e+02	7.362e-02	4.724e-02	3.414e-01	4.734e-01	2.453e-01	6.570e-01	1.250e-01	6.427e-02	2.123e-01
4.000e+02	6.545e-02	4.414e-02	3.283e-01	5.174e-01	2.763e-01	6.614e-01	1.250e-01	6.093e-02	2.123e-01
5.000e+02	6.083e-02	3.070e-02	1.683e-01	6.019e-01	3.839e-01	7.368e-01	1.250e-01	6.093e-02	2.123e-01
6.000e+02	6.077e-02	3.070e-02	1.410e-01	6.286e-01	4.233e-01	7.798e-01	1.250e-01	6.093e-02	2.123e-01
7.000e+02	5.790e-02	3.019e-02	1.238e-01	6.286e-01	4.233e-01	8.021e-01	1.250e-01	4.145e-02	4.284e-01
8.000e+02	5.569e-02	3.019e-02	9.726e-02	6.570e-01	5.174e-01	9.229e-01	1.283e-01	6.093e-02	6.365e-01
9.000e+02	5.569e-02	3.019e-02	8.155e-02	6.286e-01	4.713e-01	8.195e-01	2.123e-01	6.832e-02	5.192e-01
1.000e+03	5.569e-02	3.019e-02	8.155e-02	6.542e-01	4.713e-01	9.229e-01	4.284e-01	8.205e-02	6.870e-01
1.100e+03	5.569e-02	3.019e-02	8.155e-02	6.542e-01	4.713e-01	9.229e-01	4.982e-01	1.250e-01	7.250e-01
1.200e+03	5.569e-02	3.019e-02	8.155e-02	6.542e-01	4.713e-01	9.229e-01	4.982e-01	1.280e-01	7.250e-01
1.300e+03	5.569e-02	3.019e-02	8.155e-02	6.542e-01	5.360e-01	9.229e-01	4.374e-01	1.280e-01	7.250e-01
1.400e+03	5.569e-02	3.019e-02	8.155e-02	6.542e-01	5.013e-01	9.229e-01	4.982e-01	1.283e-01	7.250e-01
1.500e+03	5.569e-02	3.019e-02	8.155e-02	5.827e-01	4.285e-01	8.176e-01	4.982e-01	1.283e-01	7.250e-01
1.600e+03	5.569e-02	3.019e-02	8.155e-02	5.827e-01	4.285e-01	8.176e-01	4.982e-01	1.283e-01	7.250e-01
1.700e+03	5.569e-02	3.019e-02	8.155e-02	5.827e-01	4.862e-01	8.176e-01	5.401e-01	1.989e-01	7.671e-01
1.800e+03	5.569e-02	3.019e-02	8.155e-02	5.792e-01	4.560e-01	8.176e-01	5.401e-01	1.989e-01	7.671e-01
1.900e+03	5.569e-02	3.019e-02	8.155e-02	5.645e-01	4.285e-01	6.960e-01	5.401e-01	1.989e-01	7.671e-01
2.000e+03	5.569e-02	3.019e-02	8.155e-02	5.491e-01	3.881e-01	6.578e-01	4.982e-01	1.283e-01	7.671e-01
2.100e+03	5.569e-02	3.019e-02	8.155e-02	5.269e-01	3.881e-01	6.570e-01	6.769e-01	2.911e-01	7.671e-01
2.200e+03	5.569e-02	3.019e-02	8.155e-02	5.269e-01	3.804e-01	6.542e-01	6.769e-01	2.911e-01	7.671e-01
2.300e+03	5.569e-02	3.019e-02	8.155e-02	5.269e-01	3.804e-01	6.542e-01	6.769e-01	2.911e-01	7.671e-01
2.400e+03	5.569e-02	3.019e-02	8.155e-02	4.560e-01	3.804e-01	6.286e-01	6.769e-01	2.911e-01	7.828e-01
2.500e+03	5.569e-02	3.019e-02	8.155e-02	4.560e-01	3.804e-01	6.286e-01	6.769e-01	2.911e-01	7.671e-01
2.600e+03	5.569e-02	3.019e-02	8.155e-02	4.560e-01	3.804e-01	6.286e-01	6.769e-01	2.911e-01	7.671e-01
2.700e+03	5.569e-02	3.019e-02	8.155e-02	4.824e-01	3.804e-01	6.382e-01	6.769e-01	2.605e-01	7.671e-01
2.800e+03	5.569e-02	3.019e-02	8.155e-02	4.693e-01	3.804e-01	6.286e-01	6.769e-01	2.605e-01	7.828e-01
2.900e+03	5.569e-02	3.019e-02	8.155e-02	4.560e-01	3.042e-01	5.622e-01	6.870e-01	2.605e-01	8.213e-01
3.000e+03	5.790e-02	3.019e-02	9.726e-02	4.560e-01	3.042e-01	5.622e-01	6.870e-01	2.605e-01	8.324e-01
3.100e+03	5.790e-02	3.019e-02	9.726e-02	4.560e-01	3.042e-01	5.622e-01	6.975e-01	2.605e-01	8.324e-01
3.200e+03	5.790e-02	3.019e-02	9.726e-02	4.560e-01	3.042e-01	5.622e-01	6.975e-01	2.605e-01	8.324e-01
3.300e+03	5.790e-02	3.019e-02	9.726e-02	4.285e-01	3.042e-01	5.622e-01	6.870e-01	2.605e-01	8.213e-01
3.400e+03	5.790e-02	3.019e-02	9.726e-02	4.215e-01	2.923e-01	5.491e-01	6.769e-01	2.605e-01	8.213e-01
3.500e+03	5.790e-02	3.019e-02	9.726e-02	4.285e-01	3.042e-01	5.491e-01	6.769e-01	2.605e-01	8.213e-01
3.600e+03	5.790e-02	3.019e-02	9.726e-02	4.285e-01	3.042e-01	5.491e-01	6.769e-01	1.989e-01	8.213e-01
3.700e+03	5.790e-02	3.019e-02	9.726e-02	4.285e-01	3.042e-01	5.491e-01	5.339e-01	1.989e-01	8.213e-01
3.800e+03	5.790e-02	3.019e-02	9.726e-02	4.285e-01	3.042e-01	5.491e-01	5.339e-01	1.989e-01	8.213e-01
3.900e+03	5.790e-02	3.019e-02	9.726e-02	4.285e-01	3.042e-01	5.491e-01	5.339e-01	1.989e-01	8.213e-01
4.000e+03	5.790e-02	3.019e-02	9.726e-02	4.215e-01	2.798e-01	5.474e-01	5.339e-01	1.989e-01	8.213e-01
4.100e+03	5.790e-02	3.019e-02	9.726e-02	4.215e-01	2.798e-01	5.269e-01	5.339e-01	1.989e-01	8.213e-01
4.200e+03	5.790e-02	3.019e-02	9.726e-02	4.215e-01	2.798e-01	5.006e-01	5.339e-01	1.989e-01	8.213e-01
4.300e+03	5.790e-02	3.019e-02	9.726e-02	4.285e-01	2.798e-01	5.269e-01	5.030e-01	1.830e-01	8.213e-01
4.400e+03	5.790e-02	3.019e-02	9.726e-02	4.285e-01	2.798e-01	5.269e-01	5.030e-01	1.830e-01	7.633e-01
4.500e+03	5.790e-02	3.019e-02	9.726e-02	4.285e-01	2.798e-01	5.269e-01	5.030e-01	1.830e-01	7.633e-01
4.600e+03	5.790e-02	3.019e-02	9.726e-02	4.285e-01	2.185e-01	5.269e-01	5.030e-01	1.989e-01	7.633e-01
4.700e+03	5.790e-02	3.019e-02	9.726e-02	4.285e-01	2.185e-01	5.269e-01	6.250e-01	1.997e-01	7.633e-01
4.800e+03	5.790e-02	3.019e-02	9.726e-02	4.189e-01	1.769e-01	5.269e-01	6.250e-01	1.997e-01	7.633e-01
4.900e+03	5.790e-02	3.019e-02	9.726e-02	4.189e-01	1.769e-01	5.269e-01	5.030e-01	1.997e-01	7.633e-01
5.000e+03	5.790e-02	3.019e-02	9.726e-02	4.189e-01	1.769e-01	5.474e-01	6.769e-01	1.997e-01	8.300e-01
5.100e+03	5.790e-02	3.019e-02	9.726e-02	4.189e-01	1.769e-01	5.474e-01	6.769e-01	1.989e-01	8.300e-01
5.200e+03	5.790e-02	3.019e-02	9.726e-02	4.189e-01	1.769e-01	5.474e-01	6.769e-01	1.989e-01	8.300e-01
5.300e+03	5.790e-02	3.019e-02	9.726e-02	3.881e-01	1.652e-01	4.824e-01	5.030e-01	1.989e-01	8.300e-01
5.400e+03	5.790e-02	3.019e-02	9.726e-02	3.881e-01	1.652e-01	4.824e-01	5.030e-01	1.989e-01	8.300e-01
5.500e+03	5.790e-02	3.019e-02	9.726e-02	3.881e-01	1.652e-01	4.824e-01	5.030e-01	1.989e-01	8.300e-01
5.600e+03	5.790e-02	3.019e-02	9.726e-02	3.881e-01	1.652e-01	4.824e-01	4.803e-01	1.853e-01	7.633e-01
5.700e+03	5.790e-02	3.019e-02	9.726e-02	3.748e-01	1.556e-01	4.693e-01	4.803e-01	1.853e-01	7.633e-01
5.800e+03	5.790e-02	3.019e-02	9.726e-02	3.748e-01	1.506e-01	4.693e-01	4.803e-01	1.853e-01	7.633e-01
5.900e+03	5.790e-02	3.019e-02	9.726e-02	3.748e-01	1.506e-01	4.693e-01	4.803e-01	1.853e-01	7.250e-01
6.000e+03	5.790e-02	3.019e-02	9.726e-02	3.748e-01	1.506e-01	4.693e-01	4.803e-01	1.853e-01	7.250e-01
6.100e+03	5.790e-02	3.019e-02	9.726e-02	3.881e-01	1.506e-01	4.693e-01	4.803e-01	1.853e-01	7.250e-01
6.200e+03	5.790e-02	3.019e-02	9.726e-02	3.881e-01	1.506e-01	4.693e-01	4.803e-01	1.853e-01	7.250e-01
6.300e+03	5.790e-02	3.019e-02	9.726e-02	3.881e-01	1.506e-01	4.693e-01	4.803e-01	1.853e-01	7.329e-01
6.400e+03	5.790e-02	3.019e-02	9.726e-02	3.881e-01	1.506e-01	4.693e-01	4.803e-01	1.853e-01	7.329e-01
6.500e+03	5.790e-02	3.019e-02	9.726e-02	3.881e-01	1.506e-01	4.693e-01	4.717e-01	1.853e-01	7.329e-01
6.600e+03	5.790e-02	3.019e-02	9.726e-02	3.941e-01	1.652e-01	4.824e-01	4.717e-01	1.853e-01	7.329e-01
6.700e+03	5.790e-02	3.019e-02	9.726e-02	3.941e-01	1.652e-01	4.897e-01	4.717e-01	1.853e-01	7.329e-01
6.800e+03	5.790e-02	3.019e-02	9.726e-02	3.941e-01	1.284e-01	4.897e-01	4.717e-01	1.853e-01	7.106e-01
6.900e+03	5.790e-02	3.019e-02	9.726e-02	3.941e-01	1.284e-01	4.897e-01	4.717e-01	1.853e-01	7.106e-01
7.000e+03	5.790e-02	3.019e-02	9.726e-02	3.941e-01	1.284e-01	4.897e-01	4.717e-01	1.853e-01	6.975e-01
7.100e+03	5.790e-02	3.019e-02	9.726e-02	3.941e-01	1.284e-01	4.897e-01	4.717e-01	1.853e-01	6.975e-01
7.200e+03	5.790e-02	3.019e-02	9.726e-02	3.941e-01	1.284e-01	4.897e-01	4.717e-01	1.853e-01	7.250e-01
7.300e+03	5.790e-02	3.019e-02	9.726e-02	3.941e-01	1.284e-01	4.897e-01	4.717e-01	1.853e-01	7.250e-01
7.400e+03	5.790e-02	3.019e-02	9.726e-02	3.941e-01	1.284e-01	4.897e-01	4.717e-01	1.853e-01	7.250e-01
7.500e+03	5.790e-02	3.019e-02	9.726e-02	3.941e-01	1.284e-01	4.897e-01	4.717e-01	1.853e-01	7.250e-01
7.600e+03	5.790e-02	3.019e-02	9.726e-02	3.941e-01	1.284e-01	4.897e-01	4.803e-01	1.853e-01	7.250e-01
7.700e+03	5.790e-02	3.019e-02	9.726e-02	3.941e-01	9.989e-02	4.897e-01	4.803e-01	1.853e-01	7.250e-01
7.800e+03	5.790e-02	3.019e-02	9.726e-02	3.941e-01	9.989e-02	4.897e-01	4.777e-01	1.853e-01	7.250e-01
7.900e+03	5.790e-02	3.019e-02	9.726e-02	3.683e-01	9.153e-02	4.897e-01	4.777e-01	1.853e-01	7.250e-01
8.000e+03	5.790e-02	3.019e-02	9.726e-02	3.683e-01	9.153e-02	4.897e-01	4.717e-01	1.830e-01	7.250e-01
8.100e+03	5.790e-02	3.019e-02	9.726e-02	3.683e-01	9.153e-02	4.897e-01	4.717e-01	1.830e-01	7.250e-01
8.200e+03	5.790e-02	3.019e-02	9.726e-02	3.683e-01	9.153e-02	4.897e-01	4.717e-01	1.853e-01	7.250e-01
8.300e+03	5.790e-02	3.019e-02	9.726e-02	3.683e-01	8.610e-02	4.879e-01	4.717e-01	1.853e-01	6.975e-01
8.400e+03	5.790e-02	3.019e-02	9.726e-02	3.683e-01	8.610e-02	4.879e-01	4.717e-01	1.853e-01	6.975e-01
8.500e+03	5.790e-02	3.019e-02	9.726e-02	3.683e-01	8.610e-02	4.879e-01	4.717e-01	1.853e-01	6.975e-01
8.600e+03	5.790e-02	3.019e-02	9.726e-02	3.683e-01	8.610e-02	4.879e-01	4.717e-01	1.853e-01	6.975e-01
8.700e+03	5.790e-02	3.019e-02	9.726e-02	2.982e-01	8.584e-02	4.879e-01	4.717e-01	1.853e-01	6.975e-01
8.800e+03	5.790e-02	3.019e-02	9.726e-02	2.982e-01	8.584e-02	4.879e-01	4.717e-01	1.853e-01	6.975e-01
8.900e+03	5.790e-02	3.019e-02	9.726e-02	2.982e-01	8.584e-02	4.879e-01	4.717e-01	1.853e-01	6.975e-01
9.000e+03	5.790e-02	3.019e-02	9.726e-02	2.185e-01	8.506e-02	4.756e-01	4.717e-01	1.853e-01	6.975e-01
9.100e+03	5.790e-02	3.019e-02	9.726e-02	2.185e-01	8.506e-02	4.756e-01	4.717e-01	1.853e-01	6.975e-01
9.200e+03	5.790e-02	3.019e-02	9.726e-02	2.185e-01	8.506e-02	4.756e-01	4.717e-01	1.853e-01	7.250e-01
9.300e+03	5.790e-02	3.019e-02	9.726e-02	2.185e-01	8.506e-02	4.756e-01	4.717e-01	1.853e-01	7.250e-01
9.400e+03	5.790e-02	3.019e-02	9.726e-02	2.646e-01	8.506e-02	4.756e-01	4.803e-01	1.853e-01	7.329e-01
9.500e+03	5.790e-02	3.019e-02	9.726e-02	2.185e-01	8.506e-02	4.465e-01	4.717e-01	1.781e-01	7.329e-01
9.600e+03	5.790e-02	3.019e-02	9.726e-02	2.185e-01	8.506e-02	4.465e-01	4.717e-01	1.781e-01	7.329e-01
9.700e+03	5.790e-02	3.019e-02	9.726e-02	2.185e-01	8.506e-02	4.465e-01	4.717e-01	1.781e-01	7.329e-01
9.800e+03	5.790e-02	3.019e-02	9.726e-02	2.185e-01	8.506e-02	4.465e-01	4.717e-01	1.781e-01	7.329e-01
9.900e+03	5.790e-02	3.019e-02	9.726e-02	2.185e-01	8.506e-02	4.465e-01	4.717e-01	1.480e-01	7.329e-01
1.000e+04	5.790e-02	3.019e-02	9.726e-02	2.185e-01	8.506e-02	4.756e-01	4.717e-01	1.480e-01	7.329e-01
1.010e+04	5.790e-02	3.019e-02	9.726e-02	2.185e-01	8.506e-02	4.756e-01	4.717e-01	1.480e-01	7.329e-01
1.020e+04	5.790e-02	3.019e-02	9.726e-02	2.185e-01	8.506e-02	4.756e-01	2.804e-01	1.480e-01	7.329e-01
1.030e+04	5.790e-02	3.019e-02	9.726e-02	2.185e-01	8.506e-02	4.756e-01	4.717e-01	1.480e-01	7.329e-01
1.040e+04	5.790e-02	3.019e-02	9.726e-02	2.185e-01	8.506e-02	4.756e-01	4.717e-01	1.480e-01	7.329e-01
1.050e+04	5.790e-02	3.019e-02	9.726e-02	2.185e-01	8.506e-02	4.756e-01	3.548e-01	1.480e-01	6.975e-01
1.060e+04	5.790e-02	3.019e-02	9.726e-02	2.185e-01	8.506e-02	4.465e-01	3.548e-01	1.480e-01	6.975e-01
1.070e+04	5.790e-02	3.019e-02	9.726e-02	2.185e-01	8.506e-02	4.465e-01	2.804e-01	1.440e-01	6.257e-01
1.080e+04	5.790e-02	3.019e-02	9.726e-02	2.185e-01	8.506e-02	4.465e-01	2.804e-01	1.440e-01	6.257e-01
1.090e+04	5.790e-02	3.019e-02	9.726e-02	2.185e-01	8.506e-02	4.465e-01	2.804e-01	1.440e-01	6.257e-01
1.100e+04	5.790e-02	3.019e-02	9.726e-02	2.185e-01	8.506e-02	4.465e-01	2.779e-01	1.404e-01	6.257e-01
1.110e+04	5.790e-02	3.019e-02	9.726e-02	2.185e-01	8.506e-02	4.465e-01	2.779e-01	1.404e-01	6.257e-01
1.120e+04	5.790e-02	3.019e-02	9.726e-02	2.185e-01	7.974e-02	4.465e-01	2.779e-01	1.404e-01	6.257e-01
1.130e+04	5.790e-02	3.019e-02	9.726e-02	2.185e-01	7.974e-02	4.465e-01	2.779e-01	1.404e-01	6.257e-01
1.140e+04	5.790e-02	3.019e-02	9.726e-02	2.185e-01	7.974e-02	4.465e-01	2.779e-01	1.366e-01	6.257e-01
1.150e+04	5.790e-02	3.019e-02	9.726e-02	2.185e-01	7.974e-02	4.465e-01	2.804e-01	1.404e-01	6.257e-01
1.160e+04	5.790e-02	3.019e-02	9.726e-02	2.185e-01	7.974e-02	4.465e-01	4.717e-01	1.404e-01	6.975e-01
1.170e+04	5.790e-02	3.019e-02	9.726e-02	2.185e-01	7.974e-02	4.465e-01	4.717e-01	1.404e-01	6.975e-01
1.180e+04	5.790e-02	3.019e-02	9.726e-02	2.185e-01	7.974e-02	4.465e-01	4.717e-01	1.404e-01	6.975e-01
1.190e+04	5.790e-02	3.019e-02	9.726e-02	2.185e-01	7.974e-02	4.465e-01	4.717e-01	1.404e-01	6.975e-01
1.200e+04	5.790e-02	3.019e-02	9.726e-02	2.185e-01	7.974e-02	4.465e-01	4.717e-01	1.404e-01	6.975e-01
1.210e+04	5.790e-02	3.019e-02	9.726e-02	2.185e-01	7.974e-02	4.465e-01	4.717e-01	1.404e-01	6.975e-01
1.220e+04	5.790e-02	3.019e-02	9.726e-02	2.185e-01	7.974e-02	4.465e-01	4.717e-01	1.404e-01	6.975e-01
1.230e+04	5.790e-02	3.019e-02	9.726e-02	2.185e-01	7.974e-02	4.465e-01	4.717e-01	1.404e-01	6.975e-01
1.240e+04	5.790e-02	3.019e-02	9.726e-02	2.045e-01	7.974e-02	4.463e-01	4.717e-01	1.404e-01	6.975e-01
1.250e+04	5.790e-02	3.019e-02	9.726e-02	2.045e-01	7.974e-02	4.463e-01	4.717e-01	1.404e-01	6.975e-01
1.260e+04	5.790e-02	3.019e-02	9.726e-02	2.045e-01	7.974e-02	4.463e-01	4.717e-01	1.404e-01	6.975e-01
1.270e+04	5.790e-02	3.019e-02	9.726e-02	2.045e-01	7.974e-02	4.463e-01	4.717e-01	1.404e-01	6.975e-01
1.280e+04	5.790e-02	3.019e-02	9.726e-02	1.652e-01	7.471e-02	4.450e-01	4.717e-01	1.404e-01	6.975e-01
1.290e+04	5.790e-02	3.019e-02	9.726e-02	1.652e-01	7.471e-02	4.450e-01	4.717e-01	1.404e-01	6.975e-01
1.300e+04	5.790e-02	3.019e-02	9.726e-02	1.652e-01	7.471e-02	4.450e-01	4.717e-01	1.404e-01	7.255e-01
1.310e+04	5.790e-02	3.019e-02	9.726e-02	1.652e-01	7.471e-02	4.450e-01	4.717e-01	1.404e-01	7.255e-01
1.320e+04	5.790e-02	3.019e-02	9.726e-02	1.652e-01	7.471e-02	4.450e-01	4.717e-01	1.404e-01	7.255e-01
1.330e+04	5.790e-02	3.019e-02	9.726e-02	9.989e-02	6.419e-02	4.450e-01	4.717e-01	1.404e-01	7.255e-01
1.340e+04	5.790e-02	3.019e-02	9.726e-02	9.989e-02	6.419e-02	4.450e-01	4.803e-01	1.404e-01	7.255e-01
1.350e+04	5.790e-02	3.019e-02	9.726e-02	9.989e-02	6.419e-02	4.450e-01	4.717e-01	1.366e-01	7.255e-01
1.360e+04	5.790e-02	3.019e-02	9.726e-02	9.989e-02	6.419e-02	4.450e-01	4.717e-01	1.366e-01	7.255e-01
1.370e+04	5.790e-02	3.019e-02	9.726e-02	9.989e-02	6.419e-02	4.450e-01	4.717e-01	1.366e-01	7.255e-01
1.380e+04	5.790e-02	3.019e-02	9.726e-02	9.989e-02	6.419e-02	4.450e-01	4.717e-01	1.404e-01	7.255e-01
1.390e+04	5.790e-02	3.019e-02	9.726e-02	9.989e-02	6.419e-02	4.450e-01	4.717e-01	1.404e-01	7.255e-01
1.400e+04	5.790e-02	3.019e-02	9.726e-02	9.989e-02	6.419e-02	4.450e-01	4.717e-01	1.404e-01	7.255e-01
1.410e+04	5.790e-02	3.019e-02	9.726e-02	9.989e-02	6.419e-02	4.450e-01	4.717e-01	1.404e-01	6.975e-01
1.420e+04	5.790e-02	3.019e-02	9.726e-02	9.989e-02	6.419e-02	4.450e-01	4.717e-01	1.404e-01	6.975e-01
1.430e+04	5.790e-02	3.019e-02	9.726e-02	9.989e-02	6.419e-02	4.450e-01	4.717e-01	1.404e-01	6.975e-01
1.440e+04	5.790e-02	3.019e-02	9.726e-02	9.989e-02	6.419e-02	4.450e-01	4.717e-01	1.404e-01	6.975e-01
1.450e+04	5.790e-02	3.019e-02	9.726e-02	9.989e-02	6.419e-02	4.450e-01	4.717e-01	1.404e-01	6.975e-01
1.460e+04	5.790e-02	3.019e-02	9.726e-02	9.989e-02	6.419e-02	4.450e-01	4.717e-01	1.404e-01	6.975e-01
1.470e+04	5.790e-02	3.019e-02	9.726e-02	9.989e-02	6.419e-02	4.450e-01	4.717e-01	1.404e-01	6.975e-01
1.480e+04	5.790e-02	3.019e-02	9.726e-02	9.989e-02	6.419e-02	4.450e-01	4.717e-01	1.404e-01	6.975e-01
1.490e+04	5.790e-02	3.019e-02	9.726e-02	9.989e-02	6.419e-02	4.450e-01	4.717e-01	1.404e-01	6.975e-01
1.500e+04	5.790e-02	3.019e-02	9.726e-02	9.989e-02	6.419e-02	4.450e-01	4.717e-01	1.404e-01	6.975e-01
1.510e+04	5.790e-02	3.019e-02	9.726e-02	9.542e-02	6.419e-02	4.450e-01	4.717e-01	1.404e-01	6.975e-01
1.520e+04	5.790e-02	3.019e-02	9.726e-02	9.542e-02	6.419e-02	4.450e-01	4.717e-01	1.404e-01	6.975e-01
1.530e+04	5.790e-02	3.019e-02	9.726e-02	9.542e-02	6.419e-02	4.450e-01	4.717e-01	1.404e-01	6.975e-01
1.540e+04	5.790e-02	3.019e-02	9.726e-02	9.542e-02	6.419e-02	4.450e-01	4.717e-01	1.404e-01	6.975e-01
1.550e+04	5.790e-02	3.019e-02	9.726e-02	9.542e-02	6.419e-02	4.450e-01	4.717e-01	1.404e-01	6.975e-01
1.560e+04	5.790e-02	3.019e-02	9.726e-02	9.542e-02	6.419e-02	4.450e-01	4.717e-01	1.404e-01	6.975e-01
1.570e+04	5.790e-02	3.019e-02	9.726e-02	9.542e-02	6.419e-02	4.450e-01	4.717e-01	1.404e-01	6.975e-01
1.580e+04	5.790e-02	3.019e-02	9.726e-02	9.542e-02	6.419e-02	4.450e-01	4.717e-01	1.404e-01	6.975e-01
1.590e+04	5.790e-02	3.019e-02	9.726e-02	9.542e-02	6.419e-02	4.450e-01	4.717e-01	1.404e-01	6.975e-01
1.600e+04	5.790e-02	3.019e-02	9.726e-02	9.542e-02	6.419e-02	4.450e-01	4.717e-01	1.404e-01	6.975e-01
1.610e+04	5.790e-02	3.019e-02	9.726e-02	9.542e-02	6.419e-02	4.450e-01	4.717e-01	1.404e-01	6.975e-01
1.620e+04	5.790e-02	3.019e-02	9.726e-02	9.542e-02	6.419e-02	4.450e-01	4.803e-01	1.404e-01	7.255e-01
1.630e+04	5.790e-02	3.019e-02	9.726e-02	9.542e-02	6.419e-02	4.450e-01	4.803e-01	1.404e-01	7.255e-01
1.640e+04	5.790e-02	3.019e-02	9.726e-02	9.542e-02	6.419e-02	4.450e-01	4.803e-01	1.404e-01	7.255e-01
1.650e+04	5.790e-02	3.019e-02	9.726e-02	9.542e-02	6.419e-02	4.450e-01	4.803e-01	1.404e-01	7.255e-01
1.660e+04	5.790e-02	3.019e-02	9.726e-02	9.542e-02	6.419e-02	4.450e-01	4.717e-01	1.404e-01	7.255e-01
1.670e+04	5.790e-02	3.019e-02	9.726e-02	9.542e-02	6.419e-02	4.450e-01	4.717e-01	1.404e-01	7.255e-01
1.680e+04	5.790e-02	3.019e-02	9.726e-02	9.542e-02	6.419e-02	4.450e-01	4.803e-01	1.781e-01	7.255e-01
1.690e+04	5.790e-02	3.019e-02	9.726e-02	9.542e-02	6.419e-02	4.450e-01	4.803e-01	1.781e-01	7.255e-01
1.700e+04	5.790e-02	3.019e-02	9.726e-02	9.542e-02	6.419e-02	4.450e-01	4.803e-01	1.781e-01	6.975e-01
1.710e+04	5.790e-02	3.019e-02	9.726e-02	9.542e-02	6.419e-02	4.450e-01	4.803e-01	1.781e-01	6.975e-01
1.720e+04	5.790e-02	3.019e-02	9.726e-02	9.542e-02	6.419e-02	4.450e-01	4.857e-01	1.781e-01	7.255e-01
1.730e+04	5.790e-02	3.019e-02	9.726e-02	9.542e-02	6.419e-02	4.450e-01	4.857e-01	1.781e-01	7.255e-01
1.740e+04	5.790e-02	3.019e-02	9.726e-02	9.542e-02	6.419e-02	4.450e-01	4.857e-01	1.781e-01	7.255e-01
1.750e+04	5.790e-02	3.019e-02	9.726e-02	9.542e-02	6.419e-02	4.450e-01	4.857e-01	1.781e-01	7.255e-01
1.760e+04	5.790e-02	3.019e-02	9.726e-02	9.542e-02	6.419e-02	4.450e-01	4.857e-01	1.781e-01	7.255e-01
1.770e+04	5.790e-02	3.019e-02	9.726e-02	9.542e-02	6.419e-02	4.450e-01	4.857e-01	1.781e-01	7.255e-01
1.780e+04	5.790e-02	3.019e-02	9.726e-02	9.542e-02	6.419e-02	4.450e-01	4.857e-01	1.781e-01	7.255e-01
1.790e+04	5.790e-02	3.019e-02	9.726e-02	9.542e-02	6.419e-02	4.450e-01	4.857e-01	1.781e-01	7.255e-01
1.800e+04	5.790e-02	3.019e-02	9.726e-02	9.542e-02	6.419e-02	4.450e-01	4.857e-01	1.781e-01	7.255e-01
1.810e+04	5.790e-02	3.019e-02	9.726e-02	9.542e-02	6.419e-02	4.450e-01	4.857e-01	1.781e-01	7.255e-01
1.820e+04	5.790e-02	3.019e-02	9.726e-02	9.542e-02	6.419e-02	4.450e-01	4.857e-01	1.781e-01	7.255e-01
1.830e+04	5.790e-02	3.019e-02	9.726e-02	9.542e-02	6.419e-02	4.450e-01	4.857e-01	1.781e-01	7.255e-01
1.840e+04	5.790e-02	3.019e-02	9.726e-02	9.542e-02	6.419e-02	4.450e-01	4.857e-01	1.781e-01	7.255e-01
1.850e+04	5.790e-02	3.019e-02	9.726e-02	9.542e-02	6.419e-02	4.450e-01	4.803e-01	1.404e-01	7.255e-01
1.860e+04	5.790e-02	3.019e-02	9.726e-02	9.542e-02	6.419e-02	4.450e-01	4.803e-01	1.404e-01	7.255e-01
1.870e+04	5.790e-02	3.019e-02	9.726e-02	9.542e-02	6.419e-02	4.450e-01	4.744e-01	1.404e-01	6.975e-01
1.880e+04	5.790e-02	3.019e-02	9.726e-02	9.542e-02	6.419e-02	4.450e-01	4.744e-01	1.404e-01	6.975e-01
1.890e+04	5.790e-02	3.019e-02	9.726e-02	9.542e-02	6.419e-02	4.450e-01	4.744e-01	1.404e-01	6.975e-01
1.900e+04	5.790e-02	3.019e-02	9.726e-02	9.542e-02	6.419e-02	4.450e-01	4.744e-01	1.404e-01	6.975e-01
1.910e+04	5.790e-02	3.019e-02	9.726e-02	9.542e-02	6.419e-02	4.450e-01	3.961e-01	1.353e-01	6.250e-01
1.920e+04	5.790e-02	3.019e-02	9.726e-02	9.542e-02	6.419e-02	4.450e-01	3.961e-01	1.353e-01	6.250e-01
1.930e+04	5.790e-02	3.019e-02	9.726e-02	9.542e-02	6.419e-02	4.450e-01	3.961e-01	1.353e-01	6.250e-01
1.940e+04	5.790e-02	3.019e-02	9.726e-02	9.542e-02	6.419e-02	4.450e-01	3.961e-01	1.353e-01	6.975e-01
1.950e+04	5.790e-02	3.019e-02	9.726e-02	9.542e-02	6.419e-02	4.450e-01	4.744e-01	1.353e-01	6.975e-01
1.960e+04	5.790e-02	3.019e-02	9.726e-02	9.542e-02	6.419e-02	4.450e-01	4.744e-01	1.353e-01	6.975e-01
1.970e+04	5.790e-02	3.019e-02	9.726e-02	9.542e-02	6.419e-02	4.450e-01	4.744e-01	1.353e-01	6.975e-01
1.980e+04	5.790e-02	3.019e-02	9.726e-02	9.542e-02	6.419e-02	4.450e-01	4.744e-01	1.353e-01	6.975e-01
1.990e+04	5.790e-02	3.019e-02	9.726e-02	9.240e-02	5.780e-02	4.060e-01	4.744e-01	1.353e-01	6.975e-01
2.000e+04	5.790e-02	3.019e-02	9.726e-02	9.240e-02	5.780e-02	4.060e-01	4.744e-01	1.353e-01	6.975e-01
2.010e+04	5.790e-02	3.019e-02	9.726e-02	9.240e-02	5.780e-02	4.060e-01	4.744e-01	1.353e-01	6.975e-01
2.020e+04	5.790e-02	3.019e-02	9.726e-02	9.240e-02	5.780e-02	4.060e-01	4.744e-01	1.353e-01	6.975e-01
2.030e+04	5.790e-02	3.019e-02	9.726e-02	9.240e-02	5.780e-02	4.060e-01	4.744e-01	1.353e-01	6.975e-01
2.040e+04	5.790e-02	3.019e-02	9.726e-02	9.240e-02	5.780e-02	4.060e-01	4.744e-01	1.353e-01	6.975e-01
2.050e+04	5.790e-02	3.019e-02	9.726e-02	9.240e-02	5.780e-02	4.060e-01	4.744e-01	1.353e-01	6.975e-01
2.060e+04	5.790e-02	3.019e-02	9.726e-02	9.240e-02	5.780e-02	4.060e-01	4.744e-01	1.353e-01	6.975e-01
2.070e+04	5.790e-02	3.019e-02	9.726e-02	9.240e-02	5.780e-02	4.060e-01	4.749e-01	1.404e-01	7.182e-01
2.080e+04	5.790e-02	3.019e-02	9.726e-02	9.240e-02	5.780e-02	4.060e-01	4.749e-01	1.404e-01	7.182e-01
2.090e+04	5.790e-02	3.019e-02	9.726e-02	9.240e-02	5.780e-02	4.060e-01	4.749e-01	1.404e-01	7.182e-01
2.100e+04	5.790e-02	3.019e-02	9.726e-02	9.240e-02	5.780e-02	4.060e-01	4.744e-01	1.404e-01	6.975e-01
2.110e+04	5.790e-02	3.019e-02	9.726e-02	9.153e-02	5.780e-02	3.941e-01	4.744e-01	1.404e-01	6.975e-01
2.120e+04	5.790e-02	3.019e-02	9.726e-02	9.153e-02	5.780e-02	3.941e-01	4.749e-01	1.404e-01	7.182e-01
2.130e+04	5.790e-02	3.019e-02	9.726e-02	9.153e-02	5.780e-02	3.941e-01	4.749e-01	1.404e-01	7.182e-01
2.140e+04	5.790e-02	3.019e-02	9.726e-02	9.153e-02	5.780e-02	3.941e-01	4.749e-01	1.404e-01	7.182e-01
2.150e+04	5.790e-02	3.019e-02	9.726e-02	9.153e-02	5.780e-02	3.941e-01	4.749e-01	1.404e-01	7.182e-01
2.160e+04	5.790e-02	3.019e-02	9.726e-02	9.153e-02	5.780e-02	3.941e-01	4.749e-01	1.404e-01	7.182e-01
2.170e+04	5.790e-02	3.019e-02	9.726e-02	9.153e-02	5.780e-02	3.941e-01	4.744e-01	1.404e-01	7.182e-01
2.180e+04	5.790e-02	3.019e-02	9.726e-02	9.153e-02	5.780e-02	3.941e-01	3.360e-01	1.353e-01	7.182e-01
2.190e+04	5.790e-02	3.019e-02	9.726e-02	9.153e-02	5.780e-02	3.941e-01	3.360e-01	1.353e-01	7.182e-01
2.200e+04	5.790e-02	3.019e-02	9.726e-02	9.153e-02	5.780e-02	3.941e-01	3.360e-01	1.353e-01	7.182e-01
2.210e+04	5.790e-02	3.019e-02	9.726e-02	9.153e-02	5.780e-02	3.941e-01	3.360e-01	1.353e-01	7.182e-01
2.220e+04	5.790e-02	3.019e-02	9.726e-02	9.153e-02	5.780e-02	3.941e-01	3.360e-01	1.353e-01	7.182e-01
2.230e+04	5.790e-02	3.019e-02	9.726e-02	9.153e-02	5.780e-02	3.941e-01	3.360e-01	1.353e-01	7.182e-01
2.240e+04	5.790e-02	3.019e-02	9.726e-02	9.153e-02	5.780e-02	3.941e-01	3.360e-01	1.353e-01	7.182e-01
2.250e+04	5.790e-02	3.019e-02	9.726e-02	9.153e-02	5.780e-02	3.941e-01	3.360e-01	1.353e-01	7.433e-01
2.260e+04	5.790e-02	3.019e-02	9.726e-02	9.153e-02	5.780e-02	3.941e-01	3.360e-01	1.353e-01	7.433e-01
2.270e+04	5.790e-02	3.019e-02	9.726e-02	9.153e-02	5.780e-02	3.941e-01	3.360e-01	1.353e-01	7.433e-01
2.280e+04	5.790e-02	3.019e-02	9.726e-02	9.153e-02	5.780e-02	3.941e-01	3.360e-01	1.353e-01	7.433e-01
2.290e+04	5.790e-02	3.019e-02	9.726e-02	9.153e-02	5.780e-02	3.941e-01	3.360e-01	1.353e-01	7.433e-01
2.300e+04	5.790e-02	3.019e-02	9.726e-02	9.153e-02	5.780e-02	3.941e-01	3.360e-01	1.353e-01	7.433e-01
2.310e+04	5.790e-02	3.019e-02	9.726e-02	9.153e-02	5.780e-02	3.941e-01	3.360e-01	1.353e-01	7.433e-01
2.320e+04	5.790e-02	3.019e-02	9.726e-02	9.153e-02	5.780e-02	3.941e-01	3.360e-01	1.353e-01	7.433e-01
2.330e+04	5.790e-02	3.019e-02	9.726e-02	9.153e-02	5.780e-02	3.941e-01	3.360e-01	1.353e-01	7.433e-01
2.340e+04	5.790e-02	3.019e-02	9.726e-02	9.153e-02	5.780e-02	3.941e-01	3.360e-01	1.353e-01	7.433e-01
2.350e+04	5.790e-02	3.019e-02	9.726e-02	9.153e-02	5.780e-02	3.941e-01	3.360e-01	1.353e-01	7.433e-01
2.360e+04	5.790e-02	3.019e-02	9.726e-02	9.153e-02	5.780e-02	3.941e-01	3.360e-01	1.353e-01	7.433e-01
2.370e+04	5.790e-02	3.019e-02	9.726e-02	9.153e-02	5.780e-02	3.941e-01	3.360e-01	1.353e-01	7.433e-01
2.380e+04	5.790e-02	3.019e-02	9.726e-02	9.153e-02	5.780e-02	3.941e-01	3.360e-01	1.353e-01	7.433e-01
2.390e+04	5.790e-02	3.019e-02	9.726e-02	9.153e-02	5.780e-02	3.941e-01	3.360e-01	1.353e-01	7.433e-01
2.400e+04	5.790e-02	3.019e-02	9.726e-02	9.153e-02	5.780e-02	3.941e-01	3.360e-01	1.353e-01	7.433e-01
2.410e+04	5.790e-02	3.019e-02	9.726e-02	9.153e-02	5.780e-02	3.941e-01	3.360e-01	1.353e-01	7.433e-01
2.420e+04	5.790e-02	3.019e-02	9.726e-02	9.153e-02	5.780e-02	3.941e-01	3.360e-01	1.353e-01	7.433e-01
2.430e+04	5.790e-02	3.019e-02	9.726e-02	9.153e-02	5.780e-02	3.941e-01	3.360e-01	1.353e-01	7.433e-01
2.440e+04	5.790e-02	3.019e-02	9.726e-02	9.153e-02	5.780e-02	3.941e-01	3.360e-01	1.353e-01	7.433e-01
2.450e+04	5.790e-02	3.019e-02	9.726e-02	9.153e-02	5.780e-02	3.941e-01	3.360e-01	1.353e-01	7.433e-01
2.460e+04	5.790e-02	3.019e-02	9.726e-02	9.153e-02	5.780e-02	3.941e-01	3.360e-01	1.353e-01	7.433e-01
2.470e+04	5.790e-02	3.019e-02	9.726e-02	9.153e-02	5.780e-02	3.941e-01	3.360e-01	1.353e-01	7.433e-01
2.480e+04	5.790e-02	3.019e-02	9.726e-02	9.153e-02	5.780e-02	3.941e-01	3.360e-01	1.353e-01	7.433e-01
2.490e+04	5.790e-02	3.019e-02	9.726e-02	9.153e-02	5.780e-02	3.941e-01	3.360e-01	1.353e-01	7.433e-01
2.500e+04	5.790e-02	3.019e-02	9.726e-02	9.153e-02	5.780e-02	3.941e-01	3.360e-01	1.353e-01	7.433e-01
