n.evals.q.1.0.	mopm._.me.hebbian.network.best.quality.increase	mopm._.me.hebbian.network.best.quality.increase.min	mopm._.me.hebbian.network.best.quality.increase.max	mopm._.me.hebbian.synapse.best.quality.increase	mopm._.me.hebbian.synapse.best.quality.increase.min	mopm._.me.hebbian.synapse.best.quality.increase.max	mopm._.me.freeForm.best.quality.increase	mopm._.me.freeForm.best.quality.increase.min	mopm._.me.freeForm.best.quality.increase.max
1.000e+02	6.840e-02	-8.097e-04	2.471e-01	2.401e-01	1.714e-01	3.067e-01	1.676e-02	-9.308e-03	2.041e-01
2.000e+02	6.840e-02	-8.097e-04	2.471e-01	3.055e-01	2.325e-01	3.463e-01	1.336e-01	4.696e-02	3.651e-01
3.000e+02	4.908e-02	-8.097e-04	2.471e-01	3.113e-01	2.809e-01	3.587e-01	1.719e-01	4.696e-02	3.335e-01
4.000e+02	4.908e-02	-8.097e-04	2.471e-01	3.477e-01	2.850e-01	3.647e-01	1.337e-01	5.770e-02	3.535e-01
5.000e+02	4.908e-02	-8.097e-04	2.441e-01	2.854e-01	2.618e-01	3.587e-01	1.234e-01	4.696e-02	3.330e-01
6.000e+02	6.840e-02	-8.097e-04	2.471e-01	2.760e-01	2.312e-01	3.521e-01	1.719e-01	6.264e-02	3.787e-01
7.000e+02	8.942e-02	-5.979e-04	2.471e-01	2.660e-01	2.125e-01	3.361e-01	1.299e-01	3.961e-02	3.953e-01
8.000e+02	8.942e-02	-5.979e-04	2.471e-01	2.660e-01	1.997e-01	3.361e-01	1.094e-01	3.961e-02	2.656e-01
9.000e+02	8.942e-02	-5.979e-04	2.471e-01	2.760e-01	1.997e-01	3.477e-01	1.299e-01	4.509e-02	2.968e-01
1.000e+03	8.942e-02	-5.979e-04	2.471e-01	2.760e-01	1.997e-01	3.477e-01	1.234e-01	4.509e-02	2.968e-01
1.100e+03	8.942e-02	-5.979e-04	2.471e-01	2.618e-01	1.971e-01	3.587e-01	1.234e-01	4.509e-02	3.281e-01
1.200e+03	8.942e-02	-5.979e-04	2.471e-01	2.618e-01	1.971e-01	2.995e-01	1.299e-01	4.509e-02	3.281e-01
1.300e+03	8.942e-02	-5.979e-04	2.441e-01	2.618e-01	1.941e-01	2.995e-01	1.619e-01	6.264e-02	3.281e-01
1.400e+03	1.290e-01	-5.979e-04	2.471e-01	2.660e-01	1.971e-01	3.179e-01	1.619e-01	4.509e-02	3.057e-01
1.500e+03	1.612e-01	1.332e-02	2.471e-01	2.660e-01	1.941e-01	3.179e-01	1.619e-01	4.509e-02	3.057e-01
1.600e+03	1.612e-01	1.332e-02	2.471e-01	2.660e-01	1.941e-01	3.179e-01	1.725e-01	7.505e-02	2.775e-01
1.700e+03	1.290e-01	1.332e-02	2.441e-01	2.479e-01	1.941e-01	2.995e-01	2.312e-01	7.585e-02	3.057e-01
1.800e+03	1.290e-01	1.332e-02	2.441e-01	2.479e-01	1.941e-01	3.179e-01	1.725e-01	7.505e-02	2.775e-01
1.900e+03	1.612e-01	1.332e-02	2.471e-01	2.479e-01	1.906e-01	3.216e-01	1.725e-01	7.505e-02	2.775e-01
2.000e+03	1.612e-01	1.332e-02	2.471e-01	2.660e-01	1.971e-01	3.428e-01	2.330e-01	7.505e-02	3.057e-01
2.100e+03	1.290e-01	3.515e-02	2.441e-01	2.760e-01	1.989e-01	3.789e-01	2.330e-01	7.505e-02	3.953e-01
2.200e+03	1.290e-01	3.515e-02	2.441e-01	3.179e-01	1.997e-01	3.789e-01	2.330e-01	7.585e-02	3.864e-01
2.300e+03	1.290e-01	3.515e-02	2.441e-01	2.760e-01	1.997e-01	3.503e-01	2.002e-01	7.505e-02	2.749e-01
2.400e+03	1.290e-01	3.515e-02	2.441e-01	2.660e-01	1.997e-01	3.503e-01	2.002e-01	6.264e-02	2.775e-01
2.500e+03	1.290e-01	3.515e-02	2.441e-01	2.760e-01	2.126e-01	3.434e-01	2.002e-01	6.264e-02	3.094e-01
2.600e+03	1.290e-01	3.515e-02	2.441e-01	2.760e-01	2.126e-01	3.490e-01	1.725e-01	6.264e-02	3.094e-01
2.700e+03	1.290e-01	3.515e-02	2.441e-01	2.760e-01	2.126e-01	3.490e-01	1.719e-01	6.264e-02	3.094e-01
2.800e+03	1.290e-01	3.515e-02	2.441e-01	2.855e-01	1.997e-01	3.490e-01	1.719e-01	6.264e-02	2.575e-01
2.900e+03	1.290e-01	3.515e-02	2.441e-01	2.855e-01	1.997e-01	3.437e-01	1.719e-01	6.264e-02	2.575e-01
3.000e+03	1.290e-01	3.515e-02	2.441e-01	2.855e-01	1.941e-01	3.490e-01	1.719e-01	6.803e-02	3.094e-01
3.100e+03	1.290e-01	3.515e-02	2.441e-01	2.855e-01	1.941e-01	3.490e-01	1.725e-01	7.585e-02	3.094e-01
3.200e+03	1.290e-01	3.515e-02	2.441e-01	2.855e-01	1.941e-01	3.503e-01	1.719e-01	6.264e-02	2.969e-01
3.300e+03	9.853e-02	3.515e-02	2.403e-01	2.760e-01	1.941e-01	3.503e-01	1.725e-01	6.803e-02	2.969e-01
3.400e+03	9.853e-02	3.515e-02	2.403e-01	2.760e-01	1.941e-01	3.503e-01	1.719e-01	4.688e-02	4.365e-01
3.500e+03	9.853e-02	3.515e-02	2.403e-01	2.760e-01	1.932e-01	3.503e-01	2.002e-01	7.382e-02	4.531e-01
3.600e+03	9.853e-02	3.515e-02	2.403e-01	2.760e-01	1.932e-01	3.503e-01	2.002e-01	7.382e-02	4.531e-01
3.700e+03	9.853e-02	3.515e-02	2.403e-01	2.760e-01	1.932e-01	3.503e-01	2.344e-01	7.382e-02	4.531e-01
3.800e+03	9.853e-02	3.515e-02	2.403e-01	2.674e-01	1.932e-01	3.490e-01	2.344e-01	7.585e-02	4.365e-01
3.900e+03	9.853e-02	3.515e-02	2.403e-01	2.674e-01	1.932e-01	3.490e-01	2.344e-01	7.585e-02	3.746e-01
4.000e+03	9.853e-02	3.515e-02	2.403e-01	2.674e-01	1.865e-01	3.490e-01	2.328e-01	7.585e-02	4.209e-01
4.100e+03	1.290e-01	4.350e-02	2.403e-01	2.709e-01	1.932e-01	3.503e-01	1.725e-01	7.382e-02	2.924e-01
4.200e+03	1.290e-01	4.350e-02	2.403e-01	2.709e-01	1.932e-01	3.503e-01	2.002e-01	7.585e-02	3.051e-01
4.300e+03	1.290e-01	4.350e-02	2.403e-01	2.660e-01	1.932e-01	3.490e-01	2.382e-01	8.750e-02	4.365e-01
4.400e+03	1.290e-01	4.350e-02	2.403e-01	2.660e-01	1.932e-01	3.434e-01	2.382e-01	8.750e-02	3.326e-01
4.500e+03	1.290e-01	4.350e-02	2.403e-01	2.660e-01	1.932e-01	3.434e-01	2.382e-01	8.750e-02	3.326e-01
4.600e+03	1.290e-01	4.350e-02	2.403e-01	2.660e-01	1.932e-01	3.434e-01	2.382e-01	8.750e-02	3.051e-01
4.700e+03	1.290e-01	4.350e-02	2.403e-01	2.660e-01	1.941e-01	3.380e-01	2.382e-01	7.813e-02	3.051e-01
4.800e+03	1.290e-01	4.350e-02	2.403e-01	2.612e-01	1.932e-01	3.305e-01	2.382e-01	7.813e-02	3.051e-01
4.900e+03	1.290e-01	4.350e-02	2.403e-01	2.660e-01	1.932e-01	3.380e-01	2.002e-01	7.812e-02	3.051e-01
5.000e+03	1.290e-01	4.350e-02	2.403e-01	2.660e-01	1.932e-01	3.380e-01	2.002e-01	7.812e-02	3.051e-01
5.100e+03	1.290e-01	3.515e-02	2.403e-01	2.760e-01	1.941e-01	3.434e-01	2.002e-01	7.812e-02	3.051e-01
5.200e+03	1.290e-01	3.515e-02	2.403e-01	2.760e-01	1.941e-01	3.434e-01	2.002e-01	7.812e-02	3.051e-01
5.300e+03	1.290e-01	3.515e-02	2.403e-01	2.760e-01	1.941e-01	3.434e-01	2.002e-01	7.812e-02	2.969e-01
5.400e+03	1.612e-01	3.515e-02	2.441e-01	2.760e-01	1.941e-01	3.434e-01	2.002e-01	7.812e-02	2.969e-01
5.500e+03	1.612e-01	3.515e-02	2.441e-01	2.760e-01	1.941e-01	3.434e-01	2.002e-01	7.812e-02	3.051e-01
5.600e+03	1.240e-01	3.515e-02	2.441e-01	2.760e-01	1.941e-01	3.434e-01	2.002e-01	7.812e-02	3.326e-01
5.700e+03	1.240e-01	3.515e-02	2.441e-01	2.760e-01	1.941e-01	3.434e-01	1.725e-01	7.812e-02	3.326e-01
5.800e+03	1.240e-01	3.515e-02	2.441e-01	2.760e-01	1.962e-01	3.380e-01	1.725e-01	7.812e-02	3.326e-01
5.900e+03	1.240e-01	3.515e-02	2.441e-01	2.760e-01	1.962e-01	3.380e-01	1.725e-01	7.812e-02	3.326e-01
6.000e+03	1.240e-01	3.515e-02	2.441e-01	2.760e-01	1.962e-01	3.544e-01	1.725e-01	7.812e-02	3.326e-01
6.100e+03	1.240e-01	3.515e-02	2.441e-01	2.760e-01	1.941e-01	3.544e-01	1.725e-01	7.812e-02	3.326e-01
6.200e+03	1.240e-01	3.515e-02	2.441e-01	2.760e-01	1.941e-01	3.544e-01	1.719e-01	7.802e-02	3.326e-01
6.300e+03	1.240e-01	3.515e-02	2.441e-01	2.760e-01	1.941e-01	3.544e-01	2.002e-01	7.812e-02	3.593e-01
6.400e+03	1.240e-01	3.515e-02	2.441e-01	2.709e-01	1.932e-01	3.380e-01	1.725e-01	7.812e-02	3.326e-01
6.500e+03	1.240e-01	3.515e-02	2.441e-01	2.709e-01	1.932e-01	3.380e-01	1.719e-01	7.812e-02	3.326e-01
6.600e+03	1.240e-01	3.515e-02	2.441e-01	2.709e-01	1.932e-01	3.380e-01	1.719e-01	7.812e-02	3.326e-01
6.700e+03	1.240e-01	3.515e-02	2.441e-01	2.709e-01	1.932e-01	3.380e-01	1.719e-01	7.812e-02	3.326e-01
6.800e+03	1.240e-01	3.515e-02	2.441e-01	2.709e-01	1.932e-01	3.380e-01	1.719e-01	7.812e-02	3.593e-01
6.900e+03	1.240e-01	3.515e-02	2.441e-01	2.709e-01	1.932e-01	3.380e-01	1.343e-01	6.660e-02	3.326e-01
7.000e+03	1.240e-01	3.515e-02	2.441e-01	2.709e-01	1.932e-01	3.312e-01	1.343e-01	6.660e-02	3.326e-01
7.100e+03	1.240e-01	3.515e-02	2.441e-01	2.709e-01	1.932e-01	3.312e-01	1.299e-01	5.772e-02	2.375e-01
7.200e+03	1.393e-01	4.350e-02	2.479e-01	2.760e-01	1.941e-01	3.380e-01	1.299e-01	5.772e-02	2.375e-01
7.300e+03	1.393e-01	4.350e-02	2.479e-01	2.760e-01	1.941e-01	3.312e-01	1.299e-01	5.772e-02	2.375e-01
7.400e+03	1.393e-01	4.350e-02	2.479e-01	2.760e-01	1.941e-01	3.312e-01	1.299e-01	5.772e-02	2.375e-01
7.500e+03	1.240e-01	4.350e-02	2.479e-01	2.709e-01	1.932e-01	3.248e-01	1.299e-01	5.772e-02	2.375e-01
7.600e+03	1.240e-01	4.350e-02	2.479e-01	2.709e-01	1.932e-01	3.312e-01	1.299e-01	5.772e-02	2.375e-01
7.700e+03	1.240e-01	4.350e-02	2.479e-01	2.709e-01	1.932e-01	3.312e-01	1.299e-01	5.772e-02	2.375e-01
7.800e+03	1.240e-01	4.350e-02	2.441e-01	2.760e-01	1.932e-01	3.706e-01	1.299e-01	5.772e-02	2.375e-01
7.900e+03	1.240e-01	4.350e-02	2.441e-01	2.760e-01	1.932e-01	3.706e-01	1.299e-01	5.772e-02	2.375e-01
8.000e+03	1.240e-01	4.350e-02	2.441e-01	2.760e-01	1.932e-01	3.706e-01	1.299e-01	5.772e-02	2.375e-01
8.100e+03	1.240e-01	4.350e-02	2.441e-01	2.954e-01	1.932e-01	3.859e-01	1.343e-01	6.660e-02	3.593e-01
8.200e+03	1.240e-01	4.350e-02	2.441e-01	2.954e-01	1.932e-01	3.859e-01	1.343e-01	6.660e-02	3.593e-01
8.300e+03	1.240e-01	4.350e-02	2.441e-01	2.954e-01	1.941e-01	3.966e-01	1.719e-01	6.660e-02	3.593e-01
8.400e+03	1.240e-01	4.350e-02	2.441e-01	2.954e-01	1.941e-01	3.966e-01	1.725e-01	7.382e-02	3.649e-01
8.500e+03	1.240e-01	4.350e-02	2.441e-01	3.011e-01	1.941e-01	4.021e-01	1.719e-01	6.660e-02	3.593e-01
8.600e+03	1.240e-01	4.350e-02	2.441e-01	3.011e-01	1.941e-01	4.021e-01	1.719e-01	6.660e-02	3.593e-01
8.700e+03	1.240e-01	4.350e-02	2.441e-01	3.011e-01	1.941e-01	4.021e-01	1.719e-01	6.660e-02	3.593e-01
8.800e+03	1.115e-01	4.350e-02	2.403e-01	2.968e-01	1.941e-01	4.021e-01	1.719e-01	6.660e-02	3.593e-01
8.900e+03	1.115e-01	4.350e-02	2.403e-01	2.968e-01	1.941e-01	4.021e-01	1.719e-01	6.660e-02	3.593e-01
9.000e+03	1.115e-01	4.350e-02	2.403e-01	2.968e-01	1.941e-01	4.021e-01	1.719e-01	6.660e-02	3.593e-01
9.100e+03	1.115e-01	4.350e-02	2.403e-01	2.968e-01	1.941e-01	4.021e-01	2.002e-01	7.382e-02	3.593e-01
9.200e+03	1.115e-01	4.350e-02	2.403e-01	2.968e-01	1.941e-01	4.021e-01	1.752e-01	7.382e-02	3.593e-01
9.300e+03	1.115e-01	4.350e-02	2.403e-01	2.968e-01	1.941e-01	4.021e-01	1.752e-01	7.382e-02	3.593e-01
9.400e+03	1.115e-01	4.350e-02	2.403e-01	2.968e-01	1.941e-01	4.021e-01	1.752e-01	7.382e-02	3.593e-01
9.500e+03	1.115e-01	4.350e-02	2.403e-01	2.709e-01	1.941e-01	3.966e-01	1.752e-01	7.382e-02	3.593e-01
9.600e+03	1.115e-01	4.350e-02	2.403e-01	2.709e-01	1.941e-01	3.966e-01	2.002e-01	7.382e-02	3.593e-01
9.700e+03	1.115e-01	4.350e-02	2.403e-01	2.709e-01	1.941e-01	3.859e-01	2.002e-01	7.382e-02	3.593e-01
9.800e+03	1.115e-01	4.350e-02	2.403e-01	2.660e-01	1.941e-01	3.781e-01	2.002e-01	7.382e-02	3.593e-01
9.900e+03	1.115e-01	4.350e-02	2.403e-01	2.447e-01	1.941e-01	3.632e-01	2.002e-01	7.382e-02	3.593e-01
1.000e+04	1.115e-01	4.350e-02	2.403e-01	2.447e-01	1.941e-01	3.632e-01	2.002e-01	7.382e-02	3.593e-01
1.010e+04	1.115e-01	4.350e-02	2.403e-01	2.660e-01	1.941e-01	3.632e-01	2.147e-01	7.812e-02	3.594e-01
1.020e+04	1.115e-01	4.350e-02	2.403e-01	2.365e-01	1.941e-01	3.859e-01	2.147e-01	7.812e-02	3.594e-01
1.030e+04	1.115e-01	4.350e-02	2.403e-01	2.361e-01	1.932e-01	3.859e-01	2.147e-01	7.812e-02	3.594e-01
1.040e+04	9.853e-02	4.350e-02	2.403e-01	2.361e-01	1.932e-01	3.859e-01	2.002e-01	7.382e-02	3.594e-01
1.050e+04	9.853e-02	4.350e-02	2.403e-01	2.361e-01	1.932e-01	3.859e-01	2.002e-01	7.382e-02	3.764e-01
1.060e+04	9.853e-02	4.350e-02	2.403e-01	2.365e-01	1.932e-01	3.859e-01	2.002e-01	7.382e-02	3.764e-01
1.070e+04	9.293e-02	4.350e-02	2.403e-01	2.365e-01	1.932e-01	3.714e-01	2.002e-01	7.382e-02	3.764e-01
1.080e+04	9.293e-02	4.350e-02	2.403e-01	2.365e-01	1.932e-01	3.714e-01	2.002e-01	7.382e-02	3.764e-01
1.090e+04	9.293e-02	4.350e-02	2.403e-01	2.365e-01	1.932e-01	3.714e-01	2.002e-01	7.382e-02	3.764e-01
1.100e+04	9.853e-02	4.744e-02	2.403e-01	2.365e-01	1.932e-01	3.714e-01	2.002e-01	7.382e-02	3.764e-01
1.110e+04	9.853e-02	4.744e-02	2.403e-01	2.365e-01	1.932e-01	3.714e-01	2.002e-01	7.382e-02	3.764e-01
1.120e+04	9.853e-02	4.744e-02	2.403e-01	2.365e-01	1.932e-01	3.714e-01	1.725e-01	6.543e-02	3.764e-01
1.130e+04	9.853e-02	4.744e-02	2.403e-01	2.361e-01	1.932e-01	3.714e-01	1.725e-01	6.543e-02	4.156e-01
1.140e+04	9.853e-02	4.744e-02	2.403e-01	2.288e-01	1.829e-01	3.714e-01	1.725e-01	6.543e-02	4.156e-01
1.150e+04	9.853e-02	4.744e-02	2.403e-01	2.288e-01	1.829e-01	3.714e-01	2.002e-01	6.543e-02	4.156e-01
1.160e+04	9.853e-02	4.744e-02	2.403e-01	2.361e-01	1.932e-01	3.714e-01	2.002e-01	4.687e-02	3.912e-01
1.170e+04	9.853e-02	4.744e-02	2.403e-01	2.288e-01	1.757e-01	3.714e-01	2.002e-01	4.687e-02	4.020e-01
1.180e+04	9.853e-02	4.744e-02	2.403e-01	2.288e-01	1.757e-01	3.714e-01	2.002e-01	4.687e-02	4.020e-01
1.190e+04	9.853e-02	4.744e-02	2.479e-01	2.288e-01	1.757e-01	3.714e-01	2.002e-01	4.687e-02	4.020e-01
1.200e+04	9.853e-02	4.744e-02	2.479e-01	2.128e-01	1.755e-01	3.700e-01	2.002e-01	4.687e-02	3.912e-01
1.210e+04	9.853e-02	4.744e-02	2.403e-01	2.128e-01	1.755e-01	3.700e-01	2.002e-01	4.687e-02	3.848e-01
1.220e+04	9.853e-02	4.744e-02	2.403e-01	2.128e-01	1.755e-01	3.700e-01	2.002e-01	4.687e-02	3.848e-01
1.230e+04	9.853e-02	4.744e-02	2.403e-01	2.128e-01	1.755e-01	3.700e-01	2.002e-01	4.687e-02	3.848e-01
1.240e+04	9.853e-02	4.744e-02	2.403e-01	2.128e-01	1.755e-01	3.544e-01	2.002e-01	4.687e-02	3.848e-01
1.250e+04	9.853e-02	4.744e-02	2.403e-01	2.128e-01	1.755e-01	3.544e-01	2.002e-01	6.543e-02	3.593e-01
1.260e+04	9.293e-02	4.744e-02	2.042e-01	2.128e-01	1.755e-01	3.700e-01	1.725e-01	6.543e-02	3.593e-01
1.270e+04	9.293e-02	4.744e-02	2.042e-01	2.128e-01	1.755e-01	3.700e-01	1.725e-01	6.543e-02	3.593e-01
1.280e+04	9.293e-02	4.744e-02	2.042e-01	2.128e-01	1.755e-01	3.700e-01	1.725e-01	6.543e-02	3.593e-01
1.290e+04	9.293e-02	4.744e-02	2.042e-01	2.128e-01	1.755e-01	3.544e-01	1.725e-01	6.543e-02	3.246e-01
1.300e+04	9.293e-02	4.744e-02	2.042e-01	2.288e-01	1.755e-01	3.544e-01	1.725e-01	6.543e-02	3.246e-01
1.310e+04	9.293e-02	4.744e-02	2.042e-01	2.288e-01	1.755e-01	3.544e-01	2.002e-01	7.812e-02	3.593e-01
1.320e+04	9.293e-02	4.744e-02	2.042e-01	2.288e-01	1.755e-01	3.544e-01	2.002e-01	7.812e-02	3.593e-01
1.330e+04	9.293e-02	4.744e-02	2.042e-01	2.288e-01	1.755e-01	3.544e-01	2.381e-01	9.111e-02	3.246e-01
1.340e+04	9.293e-02	4.744e-02	2.042e-01	2.288e-01	1.755e-01	3.544e-01	1.725e-01	7.812e-02	2.965e-01
1.350e+04	9.853e-02	6.164e-02	2.403e-01	2.288e-01	1.755e-01	3.544e-01	1.725e-01	7.812e-02	2.965e-01
1.360e+04	9.293e-02	4.744e-02	2.042e-01	2.288e-01	1.755e-01	3.544e-01	1.725e-01	7.812e-02	2.965e-01
1.370e+04	9.293e-02	4.744e-02	2.042e-01	2.288e-01	1.755e-01	3.544e-01	1.725e-01	7.812e-02	2.665e-01
1.380e+04	9.293e-02	4.744e-02	2.042e-01	2.288e-01	1.755e-01	3.544e-01	1.725e-01	7.812e-02	2.665e-01
1.390e+04	8.942e-02	4.744e-02	2.042e-01	2.288e-01	1.755e-01	3.544e-01	1.725e-01	7.812e-02	2.665e-01
1.400e+04	8.942e-02	4.744e-02	2.042e-01	2.288e-01	1.755e-01	3.544e-01	1.725e-01	7.812e-02	2.665e-01
1.410e+04	8.942e-02	4.744e-02	2.042e-01	2.288e-01	1.755e-01	3.544e-01	1.725e-01	7.812e-02	2.665e-01
1.420e+04	8.942e-02	4.744e-02	2.042e-01	2.288e-01	1.755e-01	3.714e-01	1.725e-01	7.812e-02	2.665e-01
1.430e+04	8.942e-02	4.744e-02	2.042e-01	2.288e-01	1.755e-01	3.714e-01	1.725e-01	9.111e-02	2.665e-01
1.440e+04	8.942e-02	4.744e-02	2.042e-01	2.288e-01	1.755e-01	3.714e-01	2.002e-01	9.111e-02	2.665e-01
1.450e+04	8.942e-02	4.744e-02	2.042e-01	2.288e-01	1.697e-01	3.544e-01	2.002e-01	9.111e-02	2.665e-01
1.460e+04	8.942e-02	4.744e-02	2.042e-01	2.281e-01	1.697e-01	3.418e-01	1.725e-01	9.111e-02	2.665e-01
1.470e+04	8.942e-02	4.744e-02	2.042e-01	2.281e-01	1.697e-01	3.418e-01	1.725e-01	9.111e-02	2.665e-01
1.480e+04	8.942e-02	4.744e-02	2.209e-01	2.281e-01	1.755e-01	3.418e-01	2.002e-01	9.111e-02	2.965e-01
1.490e+04	8.942e-02	4.744e-02	2.209e-01	2.281e-01	1.755e-01	3.418e-01	2.002e-01	9.111e-02	2.882e-01
1.500e+04	8.942e-02	4.744e-02	2.209e-01	2.281e-01	1.755e-01	3.418e-01	2.002e-01	9.111e-02	2.882e-01
1.510e+04	8.942e-02	4.744e-02	2.209e-01	2.281e-01	1.755e-01	3.418e-01	2.002e-01	9.111e-02	2.882e-01
1.520e+04	8.942e-02	4.744e-02	2.209e-01	2.281e-01	1.755e-01	3.418e-01	2.002e-01	9.111e-02	2.882e-01
1.530e+04	8.942e-02	4.744e-02	2.209e-01	2.281e-01	1.755e-01	3.418e-01	2.031e-01	9.432e-02	2.965e-01
1.540e+04	8.942e-02	4.744e-02	2.209e-01	2.128e-01	1.755e-01	3.418e-01	2.031e-01	9.432e-02	2.882e-01
1.550e+04	8.942e-02	4.744e-02	2.209e-01	2.128e-01	1.755e-01	3.418e-01	2.031e-01	9.432e-02	2.882e-01
1.560e+04	9.293e-02	4.744e-02	2.209e-01	2.128e-01	1.755e-01	3.418e-01	2.002e-01	9.111e-02	2.882e-01
1.570e+04	9.293e-02	4.744e-02	2.209e-01	2.128e-01	1.755e-01	3.418e-01	2.002e-01	9.111e-02	2.882e-01
1.580e+04	9.293e-02	4.744e-02	2.209e-01	2.128e-01	1.755e-01	3.418e-01	2.002e-01	9.111e-02	2.882e-01
1.590e+04	9.293e-02	4.744e-02	2.209e-01	2.128e-01	1.755e-01	3.418e-01	2.002e-01	9.111e-02	2.882e-01
1.600e+04	9.293e-02	4.744e-02	2.209e-01	2.128e-01	1.755e-01	3.418e-01	2.002e-01	9.111e-02	2.882e-01
1.610e+04	9.293e-02	4.744e-02	2.209e-01	2.128e-01	1.755e-01	3.418e-01	2.002e-01	9.111e-02	2.882e-01
1.620e+04	9.293e-02	4.744e-02	2.209e-01	2.128e-01	1.755e-01	3.418e-01	2.002e-01	9.111e-02	2.882e-01
1.630e+04	9.293e-02	4.744e-02	2.209e-01	2.128e-01	1.755e-01	3.418e-01	2.002e-01	9.111e-02	2.882e-01
1.640e+04	9.293e-02	4.744e-02	2.209e-01	2.128e-01	1.755e-01	3.418e-01	2.197e-01	9.111e-02	2.965e-01
1.650e+04	9.293e-02	4.744e-02	2.209e-01	2.126e-01	1.755e-01	3.322e-01	2.197e-01	9.111e-02	2.892e-01
1.660e+04	9.293e-02	4.744e-02	2.209e-01	2.126e-01	1.755e-01	3.322e-01	2.197e-01	9.111e-02	2.892e-01
1.670e+04	9.293e-02	4.744e-02	2.209e-01	2.126e-01	1.755e-01	3.322e-01	2.197e-01	9.111e-02	2.882e-01
1.680e+04	9.853e-02	4.744e-02	2.209e-01	2.126e-01	1.755e-01	3.322e-01	1.960e-01	7.819e-02	2.665e-01
1.690e+04	9.853e-02	4.744e-02	2.209e-01	2.126e-01	1.755e-01	3.322e-01	1.960e-01	7.819e-02	2.665e-01
1.700e+04	9.853e-02	4.744e-02	2.209e-01	2.126e-01	1.755e-01	3.322e-01	1.960e-01	7.819e-02	2.665e-01
1.710e+04	9.853e-02	4.744e-02	2.209e-01	2.126e-01	1.755e-01	3.322e-01	1.960e-01	7.819e-02	2.665e-01
1.720e+04	9.853e-02	4.744e-02	2.209e-01	2.126e-01	1.755e-01	3.322e-01	1.960e-01	7.819e-02	2.665e-01
1.730e+04	9.853e-02	4.744e-02	2.209e-01	2.126e-01	1.755e-01	3.322e-01	2.002e-01	7.819e-02	2.882e-01
1.740e+04	9.853e-02	4.744e-02	2.209e-01	2.080e-01	1.700e-01	3.206e-01	2.002e-01	7.819e-02	2.665e-01
1.750e+04	9.853e-02	4.744e-02	2.209e-01	2.080e-01	1.700e-01	3.206e-01	2.002e-01	7.819e-02	2.665e-01
1.760e+04	9.853e-02	4.744e-02	2.209e-01	2.080e-01	1.700e-01	3.206e-01	2.002e-01	7.819e-02	2.665e-01
1.770e+04	9.853e-02	4.744e-02	2.209e-01	2.080e-01	1.700e-01	3.206e-01	2.002e-01	7.819e-02	2.665e-01
1.780e+04	9.853e-02	4.744e-02	2.209e-01	2.080e-01	1.700e-01	3.206e-01	2.002e-01	7.819e-02	2.665e-01
1.790e+04	9.853e-02	4.744e-02	2.209e-01	2.080e-01	1.697e-01	3.206e-01	2.002e-01	7.819e-02	2.665e-01
1.800e+04	9.853e-02	4.744e-02	2.209e-01	2.080e-01	1.697e-01	3.206e-01	2.002e-01	7.819e-02	2.665e-01
1.810e+04	9.853e-02	4.744e-02	2.209e-01	2.080e-01	1.697e-01	3.206e-01	2.002e-01	7.819e-02	2.665e-01
1.820e+04	1.521e-01	4.744e-02	2.403e-01	2.080e-01	1.697e-01	3.206e-01	2.002e-01	7.819e-02	2.656e-01
1.830e+04	1.521e-01	4.744e-02	2.403e-01	2.080e-01	1.697e-01	3.206e-01	1.960e-01	7.812e-02	2.616e-01
1.840e+04	1.612e-01	4.744e-02	2.403e-01	1.962e-01	1.697e-01	2.999e-01	1.960e-01	7.812e-02	2.616e-01
1.850e+04	1.612e-01	4.744e-02	2.403e-01	1.962e-01	1.697e-01	2.999e-01	1.960e-01	7.812e-02	2.616e-01
1.860e+04	1.612e-01	4.744e-02	2.403e-01	1.962e-01	1.697e-01	2.999e-01	1.960e-01	7.812e-02	2.616e-01
1.870e+04	1.612e-01	4.744e-02	2.403e-01	2.080e-01	1.700e-01	2.999e-01	1.960e-01	7.812e-02	2.616e-01
1.880e+04	1.612e-01	4.744e-02	2.403e-01	2.080e-01	1.700e-01	2.999e-01	1.960e-01	7.812e-02	2.616e-01
1.890e+04	1.521e-01	4.744e-02	2.209e-01	2.080e-01	1.700e-01	2.999e-01	1.960e-01	7.812e-02	2.616e-01
1.900e+04	1.521e-01	4.744e-02	2.209e-01	2.080e-01	1.700e-01	2.999e-01	1.960e-01	7.812e-02	2.616e-01
1.910e+04	1.521e-01	4.744e-02	2.209e-01	2.080e-01	1.700e-01	2.999e-01	1.960e-01	7.812e-02	2.616e-01
1.920e+04	1.521e-01	4.744e-02	2.209e-01	2.080e-01	1.700e-01	2.999e-01	1.960e-01	7.812e-02	2.616e-01
1.930e+04	1.521e-01	4.744e-02	2.209e-01	2.080e-01	1.700e-01	2.999e-01	1.960e-01	7.812e-02	2.616e-01
1.940e+04	1.521e-01	4.744e-02	2.209e-01	2.126e-01	1.755e-01	2.999e-01	1.960e-01	7.812e-02	2.616e-01
1.950e+04	1.521e-01	4.744e-02	2.209e-01	2.126e-01	1.755e-01	2.999e-01	1.960e-01	7.812e-02	2.616e-01
1.960e+04	1.521e-01	4.744e-02	2.209e-01	2.126e-01	1.755e-01	2.999e-01	1.960e-01	7.812e-02	2.616e-01
1.970e+04	1.521e-01	4.744e-02	2.209e-01	2.126e-01	1.755e-01	3.124e-01	1.960e-01	7.812e-02	2.616e-01
1.980e+04	1.018e-01	3.515e-02	2.042e-01	2.126e-01	1.755e-01	3.124e-01	1.960e-01	7.812e-02	2.616e-01
1.990e+04	1.018e-01	3.515e-02	2.042e-01	2.126e-01	1.755e-01	3.124e-01	1.960e-01	7.812e-02	2.616e-01
2.000e+04	1.018e-01	3.515e-02	2.042e-01	2.126e-01	1.755e-01	3.124e-01	1.960e-01	7.812e-02	2.616e-01
2.010e+04	1.018e-01	3.515e-02	2.042e-01	2.126e-01	1.755e-01	3.124e-01	1.960e-01	7.812e-02	2.616e-01
2.020e+04	1.018e-01	3.515e-02	2.042e-01	2.126e-01	1.755e-01	3.124e-01	1.725e-01	7.812e-02	2.616e-01
2.030e+04	1.018e-01	3.515e-02	2.042e-01	2.126e-01	1.755e-01	3.124e-01	1.725e-01	7.812e-02	2.616e-01
2.040e+04	1.018e-01	3.515e-02	2.042e-01	2.126e-01	1.755e-01	3.124e-01	1.725e-01	7.812e-02	2.616e-01
2.050e+04	1.018e-01	3.515e-02	2.042e-01	2.126e-01	1.755e-01	3.124e-01	1.725e-01	7.812e-02	2.616e-01
2.060e+04	1.018e-01	3.515e-02	2.042e-01	2.126e-01	1.755e-01	3.124e-01	1.725e-01	7.812e-02	2.616e-01
2.070e+04	1.018e-01	3.515e-02	2.042e-01	2.126e-01	1.755e-01	3.124e-01	1.725e-01	7.812e-02	2.616e-01
2.080e+04	1.018e-01	3.515e-02	2.042e-01	2.126e-01	1.755e-01	3.124e-01	1.725e-01	7.812e-02	2.616e-01
2.090e+04	1.018e-01	3.515e-02	2.042e-01	2.126e-01	1.755e-01	3.124e-01	1.725e-01	7.812e-02	2.616e-01
2.100e+04	1.018e-01	3.515e-02	2.042e-01	2.126e-01	1.755e-01	3.124e-01	1.725e-01	7.812e-02	2.616e-01
2.110e+04	9.853e-02	3.515e-02	2.025e-01	2.126e-01	1.755e-01	3.124e-01	1.725e-01	7.812e-02	2.616e-01
2.120e+04	9.853e-02	4.744e-02	2.025e-01	2.126e-01	1.755e-01	3.124e-01	1.725e-01	7.812e-02	2.616e-01
2.130e+04	9.853e-02	4.744e-02	2.025e-01	2.126e-01	1.755e-01	3.124e-01	1.960e-01	7.812e-02	2.665e-01
2.140e+04	9.853e-02	4.744e-02	2.025e-01	2.126e-01	1.755e-01	3.124e-01	1.960e-01	7.812e-02	2.665e-01
2.150e+04	9.853e-02	4.744e-02	2.025e-01	2.080e-01	1.700e-01	2.968e-01	1.960e-01	7.812e-02	2.665e-01
2.160e+04	9.853e-02	4.744e-02	2.025e-01	2.080e-01	1.700e-01	2.968e-01	1.960e-01	7.812e-02	2.665e-01
2.170e+04	9.853e-02	4.744e-02	2.025e-01	2.080e-01	1.700e-01	2.968e-01	1.960e-01	7.812e-02	2.665e-01
2.180e+04	9.853e-02	4.744e-02	2.025e-01	2.080e-01	1.700e-01	2.968e-01	1.960e-01	7.812e-02	2.665e-01
2.190e+04	9.853e-02	4.744e-02	2.025e-01	2.080e-01	1.700e-01	2.968e-01	1.960e-01	7.812e-02	2.665e-01
2.200e+04	9.853e-02	4.744e-02	2.025e-01	2.080e-01	1.700e-01	2.968e-01	1.960e-01	7.812e-02	2.665e-01
2.210e+04	9.853e-02	4.744e-02	2.025e-01	2.080e-01	1.700e-01	2.968e-01	1.960e-01	7.812e-02	2.665e-01
2.220e+04	9.853e-02	4.744e-02	2.025e-01	2.080e-01	1.700e-01	2.968e-01	1.960e-01	7.812e-02	2.665e-01
2.230e+04	9.853e-02	4.744e-02	2.025e-01	2.080e-01	1.700e-01	2.968e-01	1.960e-01	7.812e-02	2.665e-01
2.240e+04	9.853e-02	4.744e-02	2.025e-01	2.080e-01	1.700e-01	2.968e-01	1.960e-01	7.812e-02	2.665e-01
2.250e+04	9.853e-02	4.744e-02	2.025e-01	2.080e-01	1.700e-01	2.968e-01	1.960e-01	7.812e-02	2.665e-01
2.260e+04	9.853e-02	4.744e-02	2.025e-01	2.080e-01	1.700e-01	2.968e-01	1.960e-01	7.812e-02	2.665e-01
2.270e+04	9.853e-02	4.744e-02	2.025e-01	2.080e-01	1.700e-01	2.968e-01	1.960e-01	7.812e-02	2.665e-01
2.280e+04	9.853e-02	4.744e-02	2.025e-01	2.126e-01	1.700e-01	2.968e-01	1.960e-01	7.812e-02	2.665e-01
2.290e+04	9.853e-02	4.744e-02	2.025e-01	2.126e-01	1.700e-01	2.968e-01	1.960e-01	7.812e-02	2.665e-01
2.300e+04	9.853e-02	4.744e-02	2.025e-01	2.126e-01	1.700e-01	2.968e-01	1.960e-01	7.812e-02	2.665e-01
2.310e+04	9.853e-02	4.744e-02	2.025e-01	2.126e-01	1.700e-01	2.968e-01	1.960e-01	7.812e-02	2.665e-01
2.320e+04	9.853e-02	4.744e-02	2.025e-01	2.126e-01	1.700e-01	2.968e-01	1.960e-01	7.812e-02	2.665e-01
2.330e+04	9.853e-02	4.744e-02	2.025e-01	2.126e-01	1.700e-01	2.968e-01	2.002e-01	7.819e-02	2.882e-01
2.340e+04	9.853e-02	4.744e-02	2.025e-01	2.126e-01	1.700e-01	2.968e-01	2.002e-01	7.819e-02	2.882e-01
2.350e+04	9.853e-02	4.744e-02	2.025e-01	2.080e-01	1.608e-01	2.365e-01	2.002e-01	7.819e-02	2.882e-01
2.360e+04	9.853e-02	4.744e-02	2.025e-01	2.080e-01	1.608e-01	2.968e-01	2.002e-01	7.819e-02	2.882e-01
2.370e+04	9.853e-02	4.744e-02	2.025e-01	2.080e-01	1.608e-01	2.968e-01	2.002e-01	7.819e-02	2.882e-01
2.380e+04	9.853e-02	4.744e-02	2.025e-01	2.080e-01	1.608e-01	2.968e-01	2.002e-01	7.819e-02	2.882e-01
2.390e+04	9.853e-02	4.744e-02	2.025e-01	1.962e-01	1.608e-01	2.968e-01	2.002e-01	7.819e-02	2.882e-01
2.400e+04	9.853e-02	4.744e-02	2.025e-01	1.962e-01	1.608e-01	2.968e-01	2.002e-01	7.819e-02	2.882e-01
2.410e+04	9.853e-02	4.744e-02	2.025e-01	1.962e-01	1.608e-01	2.968e-01	2.002e-01	7.812e-02	2.882e-01
2.420e+04	1.018e-01	6.021e-02	2.042e-01	1.962e-01	1.608e-01	2.968e-01	2.002e-01	7.819e-02	2.882e-01
2.430e+04	1.018e-01	6.021e-02	2.042e-01	1.962e-01	1.608e-01	2.968e-01	2.002e-01	7.819e-02	2.882e-01
2.440e+04	1.018e-01	6.021e-02	2.042e-01	1.962e-01	1.608e-01	2.968e-01	2.002e-01	7.812e-02	2.882e-01
2.450e+04	1.018e-01	6.021e-02	2.042e-01	1.962e-01	1.608e-01	2.968e-01	2.002e-01	7.812e-02	2.882e-01
2.460e+04	1.018e-01	6.021e-02	2.042e-01	1.962e-01	1.608e-01	2.968e-01	2.037e-01	7.819e-02	2.852e-01
2.470e+04	9.853e-02	4.744e-02	2.025e-01	1.962e-01	1.608e-01	2.968e-01	2.037e-01	7.819e-02	2.852e-01
2.480e+04	9.853e-02	4.744e-02	2.025e-01	1.962e-01	1.608e-01	2.968e-01	2.037e-01	7.819e-02	2.852e-01
2.490e+04	9.853e-02	4.744e-02	2.025e-01	1.962e-01	1.608e-01	2.968e-01	2.037e-01	7.819e-02	2.852e-01
2.500e+04	9.853e-02	4.744e-02	2.025e-01	1.962e-01	1.608e-01	2.968e-01	2.037e-01	7.819e-02	2.852e-01
